"do ya like x resonance		3:40				0	1	12/24/2024 3:30 PM",,,,,,,,,,,,,,,,,,
"FINA LANA		1:17	6YNTHMANE/LXGHTXNG	FINA LANA		0	60	8/10/2025 4:23 AM",,,,,,,,,,,,,,,,,,
"Pretty Little Fears		4:00	6LACK; J. Cole	East Atlanta Love Letter	Alternative R & B", Alternative Hip-Hop, R&B, Contemporary R & B," xDolbyxAtmosx	0	5	12/23/2024 6:37 PM",,,,,,,,,,,,,,
"Twirlanta		2:58	22Gz	The Blixky Tape 2	US Rap"," Rap & Hip Hop	0	3	12/24/2024 3:30 PM",,,,,,,,,,,,,,,,,
"née-nah		3:41	21 Savage; Travis Scott; Metro Boomin	american dream	US Rap", Rap & Hip Hop," Weekly Ranking[JP]	0	3	12/23/2024 6:37 PM",,,,,,,,,,,,,,,,
"red sky		2:57	21 Savage; Tommy Newport; Mikky Ekko	american dream	US Rap"," Rap & Hip Hop	0		12/23/2024 4:36 PM",,,,,,,,,,,,,,,,,
"Glock In My Lap		3:14	21 Savage; Metro Boomin	SAVAGE MODE II	Trap Rap"," Rap & Hip Hop	0	39	12/24/2024 3:30 PM",,,,,,,,,,,,,,,,,
"Runnin		3:16	21 Savage; Metro Boomin	SAVAGE MODE II	US Rap", Trap Rap," Rap & Hip Hop	0	32	12/24/2024 3:30 PM",,,,,,,,,,,,,,,,
"No Heart [Explicit]		3:55	21 Savage; Metro Boomin	Savage Mode	Trap"," Rap & Hip Hop	0	13	12/24/2024 3:30 PM",,,,,,,,,,,,,,,,,
"Bank Account		3:40	21 Savage	Issa Album	Modern Rap", Trap, Party, Summer, Barbecue," Rap & Hip Hop	0	6	12/24/2024 3:30 PM",,,,,,,,,,,,,
"Immortal		4:15	21 Savage	Immortal	US Rap"," Rap & Hip Hop	0	2	12/23/2024 6:37 PM",,,,,,,,,,,,,,,,,
"ball w/o you		3:15	21 Savage	i am > i was (Deluxe)	Contemporary Rap"," Rap & Hip Hop	0		12/24/2024 3:51 PM",,,,,,,,,,,,,,,,,
"can't leave without it		3:25	21 Savage	i am > i was (Deluxe)	Contemporary Rap"," Rap & Hip Hop	0	5	12/24/2024 3:30 PM",,,,,,,,,,,,,,,,,
"redrum		4:31	21 Savage	american dream	US Rap", Rap & Hip Hop," Weekly Ranking[JP]	0	27	12/23/2024 6:37 PM",,,,,,,,,,,,,,,,
"all of me		3:18	21 Savage	american dream	Rap & Hip Hop"," US Rap	0	1	12/23/2024 6:37 PM",,,,,,,,,,,,,,,,,
"Substance		3:40	03 Greedo	The Wolf of Grape Street	Rap & Hip Hop"," meme	0		12/24/2024 3:30 PM",,,,,,,,,,,,,,,,,
"Cant Go Broke - Remix		1:48	ZEDDY WILL	Cant Go Broke (Remix)		0	6	7/22/2025 1:42 AM",,,,,,,,,,,,,,,,,,
"I Don’t Wanna Live Forever (Fifty Shades Darker)		4:06	ZAYN; Taylor Swift	Fifty Shades Darker (Original Motion Picture Soundtrack)	Hollywood", Synthpop, Pop, Soundtracks, Adult Contemporary, Modern Pop, Coffee Shop [Conflict], Future Bass," Dance Pop	0	2	12/23/2024 4:36 PM",,,,,,,,,,
"Dusk Till Dawn (Radio Edit)		3:59	ZAYN; Sia	Icarus Falls	Party", Summer, Barbecue," Pop	0	2	12/24/2024 3:30 PM",,,,,,,,,,,,,,,
"Lush Life		3:21	Zara Larsson	So Good		0	33	2/26/2025 7:54 AM",,,,,,,,,,,,,,,,,,
"Something in the Orange		3:48	Zach Bryan	Something in the Orange	Americana", Country Rock, Alternative, Contemporary Country, Country, Alt-Country & Americana, Red Dirt Country, Modern Country, meme, Modern Folk, Country Pop, Folk," Contemporary Folk	0	8	12/24/2024 3:30 PM",,,,,,
"Mr. Clean		3:31	Yung Gravy	Snow Cougar		0	3	12/23/2024 4:36 PM",,,,,,,,,,,,,,,,,,
"1 Thot 2 Thot Red Thot Blue Thot		2:11	Yung Gravy	Snow Cougar		0	7	12/23/2024 1:55 PM",,,,,,,,,,,,,,,,,,
"Betty (Get Money)		2:27	Yung Gravy	Betty (Get Money)		0	3	12/23/2024 4:36 PM",,,,,,,,,,,,,,,,,,
"Bad Bad Bad (feat. Lil Baby)		2:29	Young Thug/Lil Baby	So Much Fun		0	80	6/1/2025 12:09 PM",,,,,,,,,,,,,,,,,,
"Mind Over Matter		4:05	Young The Giant	Mind Over Matter		0	2	12/24/2024 3:30 PM",,,,,,,,,,,,,,,,,,
"That Go! (feat. T-Shyne)		3:46	Young Stoner Life; Young Thug; Meek Mill; T-Shyne	That Go! (feat. T-Shyne)		0	47	12/23/2024 4:36 PM",,,,,,,,,,,,,,,,,,
"Solid		3:36	Young Stoner Life; Young Thug; Gunna; Drake	Slime Language 2	US Rap", Black Music Month, Contemporary Hip-Hop, Modern Hip-Hop," Rap & Hip Hop	0	2	12/24/2024 3:30 PM",,,,,,,,,,,,,,
"Jugg		2:40	Young Nudy	Slimeball		0	48	8/7/2025 12:32 AM",,,,,,,,,,,,,,,,,,
"Pose (feat. Lil Uzi Vert)		2:50	Yo Gotti/Lil Uzi Vert	Pose (feat. Lil Uzi Vert)		0	27	7/12/2025 2:47 PM",,,,,,,,,,,,,,,,,,
"GLEAMING		1:52	YNG Martyr	GLEAMING	Trap	0	34	1/10/2025 1:17 PM",,,,,,,,,,,,,,,,,,
"BURR		2:38	YNG Martyr	BURR		0	33	3/26/2025 11:51 PM",,,,,,,,,,,,,,,,,,
"If We Being Rëal		2:53	Yeat	2093	US Rap", Alternative Hip-Hop, West Coast Hip-Hop, Rap & Hip Hop," Trap	0	32	12/23/2024 4:36 PM",,,,,,,,,,,,,,
"Breathe		2:51	Yeat	2093		0	25	12/23/2024 4:36 PM",,,,,,,,,,,,,,,,,,
"LUNA BALA - Slowed		2:04	Yb Wasg'ood/Ariis	LUNA BALA		0	45	5/19/2025 3:55 AM",,,,,,,,,,,,,,,,,,
"Fly-day Chinatown		3:29	Yasuha	Fly-day Chinatown	J-POP", Hogaku Music," Japanese City Pop	0		12/24/2024 3:30 PM",,,,,,,,,,,,,,,,
"Greek Tragedy (Oliver Nelson TikTok Remix)		5:06	The Wombats	Greek Tragedy (Oliver Nelson TikTok Remix)	Pop", Dance & Electronic, Remix," Alternative	0	7	1/10/2025 1:06 PM",,,,,,,,,,,,,,,
"See You Again (feat. Charlie Puth)		3:50	Wiz Khalifa; Charlie Puth	See You Again (feat. Charlie Puth)		0	3	12/23/2024 1:55 AM",,,,,,,,,,,,,,,,,,
"DIED		1:14	Winter444rc	YOU DIED :(		0	27	5/19/2025 3:55 AM",,,,,,,,,,,,,,,,,,
"Wait a Minute!		3:17	WILLOW	ARDIPITHECUS	Alternative Rock", Alternative Pop, Alternative, Pop, Dance Pop, Alternative R & B," Experimental	0		12/24/2024 3:30 PM",,,,,,,,,,,,
"I Wanna Dance with Somebody (Who Loves Me)		4:51	Whitney Houston	Whitney		0	2	6/30/2025 1:49 AM",,,,,,,,,,,,,,,,,,
LOCK IT UP (feat. Yeat," midwxst & Matt Ox)		3:03	Whethan/midwxst/Yeat/Matt OX	MIDNIGHT		0	23	7/6/2025 12:58 AM",,,,,,,,,,,,,,,,,
"Timeless (with Playboi Carti)		4:16	The Weeknd; Playboi Carti	Timeless		0	35	12/23/2024 1:55 AM",,,,,,,,,,,,,,,,,,
"Popular (From The Idol Vol. 1 (Music from the HBO Original Series))		3:36	The Weeknd; Madonna; Playboi Carti	Popular (Music from the HBO Original Series)	Contemporary R & B", Dance Pop, R&B, Canadian, TV Soundtrack, Weekly Ranking[JP], Pop," Soundtracks	0	5	12/24/2024 3:30 PM",,,,,,,,,,,
"Pray For Me		3:32	The Weeknd; Kendrick Lamar	Black Panther The Album Music From And Inspired By	Contemporary R & B", R&B, Soundtracks, Rap & Hip Hop, Pop," US Rap	0	6	12/24/2024 3:30 PM",,,,,,,,,,,,,
One Of The Girls (with JENNIE," Lily Rose Depp)		4:05	The Weeknd; JENNIE; Lily-Rose Depp	The Idol Episode 4 (Music from the HBO Original Series)		0	14	12/23/2024 1:55 AM",,,,,,,,,,,,,,,,,
"I Was Never There		4:01	The Weeknd; Gesaffelstein	My Dear Melancholy","	Contemporary R & B", Alternative R & B, R&B, xDolbyxAtmosx," European Alternative Pop	0	1	12/24/2024 3:30 PM",,,,,,,,,,,,,
"Starboy		3:51	The Weeknd; Daft Punk	Starboy		0	55	12/23/2024 4:36 PM",,,,,,,,,,,,,,,,,,
"Double Fantasy (with Future)		4:29	The Weeknd/Future	Double Fantasy		0	118	4/13/2025 3:39 PM",,,,,,,,,,,,,,,,,,
"Timeless (feat. Playboi Carti & Doechii) - Remix		3:48	The Weeknd/Doechii/Playboi Carti	Timeless (Remix)		0	33	5/19/2025 4:06 AM",,,,,,,,,,,,,,,,,,
"Save Your Tears (with Ariana Grande) (Remix)		3:11	The Weeknd/Ariana Grande	Save Your Tears (Remix)		0	3	8/11/2025 2:19 PM",,,,,,,,,,,,,,,,,,
"Die For You (with Ariana Grande) - Remix		3:53	The Weeknd/Ariana Grande	Die For You		0	4	8/11/2025 2:19 PM",,,,,,,,,,,,,,,,,,
"São Paulo (feat. Anitta)		5:02	The Weeknd/Anitta	Hurry Up Tomorrow		0	29	6/1/2025 12:09 PM",,,,,,,,,,,,,,,,,,
"Party Monster		4:09	The Weeknd	Starboy	Contemporary R & B", Alternative R & B, xDolbyxAtmosx, R&B, Pop," Rap & Hip Hop	0	4	12/24/2024 3:30 PM",,,,,,,,,,,,,
"Call Out My Name		3:48	The Weeknd	My Dear Melancholy","	Alternative R & B", xDolbyxAtmosx, Pop, Alternative Rock, Contemporary R & B, R&B," Canadian	0	8	12/24/2024 3:30 PM",,,,,,,,,,,
"Often		4:09	The Weeknd	Beauty Behind The Madness (Explicit Version)	R&B	0		12/24/2024 3:30 PM",,,,,,,,,,,,,,,,,,
"Earned It (Fifty Shades Of Grey) [Explicit]		4:38	The Weeknd	Beauty Behind The Madness	Contemporary R & B", Alternative R & B, R&B, Pop, Soundtracks, Ballad," xDolbyxAtmosx	0	2	12/24/2024 3:30 PM",,,,,,,,,,,,
"After Hours		6:01	The Weeknd	After Hours	Contemporary R & B", R&B, Pop, Alternative R & B, xDolbyxAtmosx, Weekly Ranking[JP]," Rap & Hip Hop	2	91	12/24/2024 3:30 PM",,,,,,,,,,,,
"Blinding Lights		3:20	The Weeknd	After Hours	Weekly Ranking[JP]", Pop, Dance Pop, xDolbyxAtmosx, Canadian, Beach, Teen Pop, Party, Clean Pop, Contemporary R & B," Alternative Pop	0	1	12/24/2024 3:30 PM",,,,,,,,
"Heartless		3:18	The Weeknd	After Hours	Contemporary R & B", R&B, Pop, Rap & Hip Hop, xDolbyxAtmosx," Weekly Ranking[JP]	0	1	12/24/2024 3:30 PM",,,,,,,,,,,,,
"Too Late		4:00	The Weeknd	After Hours	Contemporary R & B", R&B, Pop," xDolbyxAtmosx	0	2	12/24/2024 3:30 PM",,,,,,,,,,,,,,,
"Shut Up and Dance		3:19	WALK THE MOON	TALKING IS HARD (Expanded Edition)	Teen Pop", Alternative, Adult Contemporary, Summer, Party, Barbecue, Pop Rock, Alternative Rock," Pop	0	6	12/24/2024 4:28 PM",,,,,,,,,,
"Y.M.C.A.		4:47	Village People	Cruisin'		0		8/2/2025 12:28 AM",,,,,,,,,,,,,,,,,,
"Reverse Roses		2:07	VaporGod; Irokz	Diamondz n Roses (Reverse Roses)	Dance & Electronic	0		12/24/2024 3:30 PM",,,,,,,,,,,,,,,,,,
"50//50		4:06	Vantage	Sweet Spot	Vaporwave [D]", French Electro," Dance & Electronic	0	3	12/23/2024 4:36 PM",,,,,,,,,,,,,,,,
"YAD		3:01	Vanna Rainelle	YAD		0	109	4/13/2025 3:39 PM",,,,,,,,,,,,,,,,,,
"A Thousand Miles (Album Version)		3:58	Vanessa Carlton	Best Of	Pop	0	5	12/24/2024 4:28 PM",,,,,,,,,,,,,,,,,,
"Riptide		3:22	Vance Joy	Dream Your Life Away  (Special Edition)	Alternative & Indie	0	2	12/24/2024 3:30 PM",,,,,,,,,,,,,,,,,,
"Somebody To You		3:03	The Vamps; Demi Lovato	Meet The Vamps	Pop	0	2	12/24/2024 3:30 PM",,,,,,,,,,,,,,,,,,
"DJ Got Us Fallin' In Love (feat. Pitbull)		3:34	USHER/Pitbull	Raymond v Raymond (Expanded Edition)		0		6/30/2025 1:49 AM",,,,,,,,,,,,,,,,,,
"WTF 2		2:07	ugovhb; EF	WTF 2	Alternative Hip-Hop	0	2	12/23/2024 4:36 PM",,,,,,,,,,,,,,,,,,
"See You Again		3:00	Tyler"," The Creator; Kali Uchis	Flower Boy	Experimental Hip-Hop", meme," Alternative Hip-Hop	0	7	12/24/2024 3:30 PM",,,,,,,,,,,,,,,
"Sticky		4:16	Tyler"," The Creator; GloRilla; Sexyy Red; Lil Wayne	CHROMAKOPIA	Alternative Hip-Hop", Rap & Hip Hop, US Rap," Weekly Ranking[JP]	0	18	12/24/2024 4:38 PM",,,,,,,,,,,,,,
"Water		3:20	Tyla	Water	R&B", Pop, Afrobeats, xWHM-xHall-xof-xFemme, Afropop, Chill-Out [D], Amapiano, Dance & Electronic," Contemporary R & B	0	9	12/24/2024 3:59 PM",,,,,,,,,,
"TELESCOPE		2:23	Twxn; LL Clawz; 507KAZ	Project YVL		0	113	12/23/2024 4:36 PM",,,,,,,,,,,,,,,,,,
"Hope		4:12	Twista; Faith Evans	Coach Carter Soundtrack		0	13	12/23/2024 1:55 AM",,,,,,,,,,,,,,,,,,
"MUSTANG		2:54	Tristan	FATAL ATTRACTION		0	9	9/30/2025 12:24 AM",,,,,,,,,,,,,,,,,,
"TELEKINESIS		5:54	Travis Scott; SZA; Future	UTOPIA	Rap & Hip Hop"," Alternative Hip-Hop	1	35	1/18/2025 10:23 PM",,,,,,,,,,,,,,,,,
"FE!N		3:12	Travis Scott; Playboi Carti	UTOPIA	US Rap", Rap & Hip Hop," Modern Rap	0	2	12/24/2024 3:30 PM",,,,,,,,,,,,,,,,
"90210		5:39	Travis Scott; Kacy Hill	Rodeo	Rap & Hip Hop"," Melodic Rap	0	3	12/23/2024 6:51 PM",,,,,,,,,,,,,,,,,
"TIL FURTHER NOTICE (feat. James Blake & 21 Savage)		5:15	Travis Scott; James Blake; 21 Savage	UTOPIA		0	32	12/23/2024 4:36 PM",,,,,,,,,,,,,,,,,,
"I KNOW ?		3:32	Travis Scott	UTOPIA	Rap & Hip Hop"," US Rap	0	14	12/24/2024 3:30 PM",,,,,,,,,,,,,,,,,
"MY EYES		4:11	Travis Scott	UTOPIA	Rap & Hip Hop"," US Rap	0	17	12/24/2024 3:30 PM",,,,,,,,,,,,,,,,,
"HIGHEST IN THE ROOM		2:56	Travis Scott	HIGHEST IN THE ROOM	Weekly Ranking[JP]", US Rap, Trap Rap, Pop, Trap, meme," Rap & Hip Hop	0	6	12/24/2024 3:30 PM",,,,,,,,,,,,
"goosebumps [Explicit]		4:04	Travis Scott	Birds In The Trap Sing McKnight	Club Hip-Hop", Trap, Dance Pop, Party, Summer, Barbecue, Rap & Hip Hop," Melodic Rap	0	3	12/24/2024 3:30 PM",,,,,,,,,,,
"sdp interlude		3:12	Travis Scott	Birds In The Trap Sing McKnight	Rap & Hip Hop", US Rap, Contemporary Rap, Southern Rap, Trap Rap," Trap	0	1	12/24/2024 3:30 PM",,,,,,,,,,,,,
"5% TINT [Explicit]		3:16	Travis Scott	ASTROWORLD 	Trap"," Rap & Hip Hop	0	1	12/23/2024 6:37 PM",,,,,,,,,,,,,,,,,
"The Color Violet		3:47	Tory Lanez	Alone at Prom (Deluxe)	Rnb	0	5	12/29/2024 7:39 PM",,,,,,,,,,,,,,,,,,
"Lady Of Namek		3:14	Tory Lanez	Alone At Prom		0	90	12/17/2024 4:55 PM",,,,,,,,,,,,,,,,,,
"The Color Violet		3:47	Tory Lanez	Alone At Prom	R&B", Rap & Hip Hop, Canadian," Contemporary R & B	0	143	12/24/2024 3:30 PM",,,,,,,,,,,,,,,
"MILLION DOLLAR BABY		2:35	Tommy Richman	MILLION DOLLAR BABY	R&B", Rap & Hip Hop, Pop, Weekly Ranking[JP], Contemporary R & B," US Rap	0	77	12/23/2024 4:36 PM",,,,,,,,,,,,,
"DEVIL IS A LIE		2:11	Tommy Richman	DEVIL IS A LIE	Alternative Hip-Hop", R&B, Pop," Rap & Hip Hop	0	4	12/23/2024 4:36 PM",,,,,,,,,,,,,,,
"ACTIN UP		2:14	Tommy Richman	ACTIN UP		0	17	8/10/2025 4:23 AM",,,,,,,,,,,,,,,,,,
"Lose Control		3:31	Teddy Swims	Lose Control		0	39	7/12/2025 2:47 PM",,,,,,,,,,,,,,,,,,
"Welcome To New York (Taylor's Version)		3:33	Taylor Swift	1989 (Taylor's Version) (Deluxe)	Teen Pop", Pop, xWHM-xStorytellers," Weekly Ranking[JP]	0	5	12/24/2024 4:28 PM",,,,,,,,,,,,,,,
"I Knew You Were Trouble (Taylor's Version)		3:40	Taylor Swift	Red (Taylor's Version)	xWHM-xHall-xof-xFemme", Pop," Singer Songwriter	0	4	12/24/2024 4:28 PM",,,,,,,,,,,,,,,,
"Karma		3:25	Taylor Swift	Midnights	Alternative Pop"," Pop	0	3	12/24/2024 3:30 PM",,,,,,,,,,,,,,,,,
"Cruel Summer		2:58	Taylor Swift	Lover	Beach", Pop, Adult Contemporary, xDolbyxAtmosx, Singer Songwriter, Synthpop, Teen Pop," Dance Pop	0	17	12/24/2024 4:28 PM",,,,,,,,,,,
"You Belong With Me (Taylor’s Version)		3:51	Taylor Swift	Fearless (Taylor's Version)	xDolbyxAtmosx", Pop, Contemporary Country, Country, Country Pop," Singer Songwriter	0	4	1/28/2025 10:26 AM",,,,,,,,,,,,,
"want that too		3:10	Tate McRae	THINK LATER	Pop"," Canadian	0	11	12/24/2024 3:30 PM",,,,,,,,,,,,,,,,,
"calgary		2:21	Tate McRae	THINK LATER	Pop"," Canadian	0	4	12/24/2024 3:30 PM",,,,,,,,,,,,,,,,,
"we're not alike		3:00	Tate McRae	THINK LATER	Pop"," Canadian	0	2	12/24/2024 3:30 PM",,,,,,,,,,,,,,,,,
"exes		2:39	Tate McRae	THINK LATER	xWHM-xHall-xof-xFemme", Weekly Ranking[JP], Contemporary Pop, Pop, Dance Pop," Canadian	0	3	12/23/2024 4:36 PM",,,,,,,,,,,,,
"run for the hills		2:24	Tate McRae	THINK LATER	xWHM-xHall-xof-xFemme", Pop," Canadian	0	7	12/24/2024 3:30 PM",,,,,,,,,,,,,,,,
"Sports car		2:45	Tate McRae	So Close To What		0	9	7/25/2025 10:26 PM",,,,,,,,,,,,,,,,,,
"Revolving door		3:00	Tate McRae	So Close To What		0	9	7/28/2025 12:12 AM",,,,,,,,,,,,,,,,,,
"greedy		2:12	Tate McRae	greedy	xWHM-xHall-xof-xFemme", Dance Pop, Weekly Ranking[JP], Pop," Canadian	0	43	12/24/2024 3:30 PM",,,,,,,,,,,,,,
"Just Keep Watching		2:23	Tate McRae	F1 The Album		0	109	7/25/2025 10:25 PM",,,,,,,,,,,,,,,,,,
"AOK		2:54	Tai Verdes	TV	Semi-Annual Ranking[JP]"," Pop	0	1	12/24/2024 3:30 PM",,,,,,,,,,,,,,,,,
"how deep?		2:35	Tai Verdes	how deep?		0	6	12/23/2024 4:36 PM",,,,,,,,,,,,,,,,,,
"Open Arms		4:00	SZA; Travis Scott	SOS	Contemporary R & B", Alternative R & B, R&B," xWHM-xHall-xof-xFemme	0	11	12/24/2024 3:30 PM",,,,,,,,,,,,,,,
"Ghost in the Machine		3:39	SZA; Phoebe Bridgers	SOS	Contemporary R & B", Alternative R & B, R&B, Indie, Pop, Alternative," xWHM-xHall-xof-xFemme	0	4	12/24/2024 3:30 PM",,,,,,,,,,,,
"Forgiveless		2:22	SZA; Ol' Dirty Bastard	SOS	Contemporary R & B", Alternative R & B, R&B," xWHM-xHall-xof-xFemme	0	4	12/24/2024 3:30 PM",,,,,,,,,,,,,,,
"Used		2:27	SZA; Don Toliver	SOS	Contemporary R & B", Alternative R & B, R&B," xWHM-xHall-xof-xFemme	0	4	12/24/2024 3:30 PM",,,,,,,,,,,,,,,
"Open Arms (feat. Travis Scott)		4:01	SZA/Travis Scott	SOS		0	5	5/24/2025 3:24 AM",,,,,,,,,,,,,,,,,,
"Ghost in the Machine (feat. Phoebe Bridgers)		3:40	SZA/Phoebe Bridgers	SOS		0	8	5/24/2025 3:24 AM",,,,,,,,,,,,,,,,,,
"Forgiveless (feat. Ol' Dirty Bastard)		2:24	SZA/Ol' Dirty Bastard	SOS		0	8	5/24/2025 3:24 AM",,,,,,,,,,,,,,,,,,
"30 For 30 (with Kendrick Lamar)		4:38	SZA/Kendrick Lamar	SOS Deluxe: LANA		0	22	7/6/2025 12:58 AM",,,,,,,,,,,,,,,,,,
"Used (feat. Don Toliver)		2:29	SZA/Don Toliver	SOS		0	6	5/24/2025 3:24 AM",,,,,,,,,,,,,,,,,,
"BMF		3:01	SZA	SOS Deluxe: LANA	Pop", R&B, Alternative R & B, Contemporary R & B," Alternative Hip-Hop	0	28	1/10/2025 12:58 PM",,,,,,,,,,,,,,
"Good Days		4:39	SZA	SOS	Semi-Annual Ranking[JP]", Contemporary R & B, Weekly Ranking[JP], R&B, Black Music Month, Pop, Alternative R & B," xWHM-xHall-xof-xFemme	0	38	12/24/2024 3:30 PM",,,,,,,,,,,
"I Hate U		2:54	SZA	SOS		0	6	5/24/2025 3:32 AM",,,,,,,,,,,,,,,,,,
"Shirt		3:02	SZA	SOS	Classic R & B", Weekly Ranking[JP], meme, Pop, Contemporary R & B, Alternative R & B, R&B," xWHM-xHall-xof-xFemme	0	16	12/24/2024 3:30 PM",,,,,,,,,,,
"Far		3:01	SZA	SOS	Contemporary R & B", Alternative R & B, R&B," xWHM-xHall-xof-xFemme	0	12	12/24/2024 3:30 PM",,,,,,,,,,,,,,,
"Too Late		2:44	SZA	SOS	Contemporary R & B", R&B, xWHM-xHall-xof-xFemme," Alternative R & B	0	6	12/24/2024 3:30 PM",,,,,,,,,,,,,,,
"Special		2:39	SZA	SOS	Contemporary R & B", Alternative R & B, R&B," xWHM-xHall-xof-xFemme	0	8	12/24/2024 3:30 PM",,,,,,,,,,,,,,,
"Conceited		2:31	SZA	SOS	Contemporary R & B", Alternative R & B, R&B," xWHM-xHall-xof-xFemme	0	4	12/24/2024 3:30 PM",,,,,,,,,,,,,,,
"Nobody Gets Me		3:01	SZA	SOS		0	3	5/24/2025 3:32 AM",,,,,,,,,,,,,,,,,,
"F2F		3:05	SZA	SOS	Contemporary R & B", Alternative R & B, Alternative Hip-Hop, R&B, Alt, Alternative," xWHM-xHall-xof-xFemme	0	4	12/24/2024 3:30 PM",,,,,,,,,,,,
"Smoking on my Ex Pack		1:24	SZA	SOS		0	1	5/24/2025 3:32 AM",,,,,,,,,,,,,,,,,,
"Gone Girl		4:04	SZA	SOS	Contemporary R & B", Alternative R & B, R&B," xWHM-xHall-xof-xFemme	0	15	12/24/2024 3:30 PM",,,,,,,,,,,,,,,
"Notice Me		2:41	SZA	SOS	Contemporary R & B", Alternative R & B, R&B," xWHM-xHall-xof-xFemme	0	7	12/24/2024 3:30 PM",,,,,,,,,,,,,,,
"Snooze		3:22	SZA	SOS	Alternative R & B", Contemporary R & B, R&B," xWHM-xHall-xof-xFemme	0	48	12/24/2024 3:30 PM",,,,,,,,,,,,,,,
"Blind		2:31	SZA	SOS	Contemporary R & B", Alternative R & B, R&B, meme," xWHM-xHall-xof-xFemme	0	17	12/24/2024 3:30 PM",,,,,,,,,,,,,,
"Love Language		3:04	SZA	SOS	Alternative R & B", R&B, xWHM-xHall-xof-xFemme," Contemporary R & B	0	10	12/24/2024 3:30 PM",,,,,,,,,,,,,,,
"Low		3:01	SZA	SOS		0	7	5/24/2025 3:32 AM",,,,,,,,,,,,,,,,,,
"Seek & Destroy		3:24	SZA	SOS	Contemporary R & B", Alternative R & B, R&B," xWHM-xHall-xof-xFemme	0	13	12/24/2024 3:30 PM",,,,,,,,,,,,,,,
"Kill Bill		2:34	SZA	SOS		0	7	5/24/2025 3:32 AM",,,,,,,,,,,,,,,,,,
"SOS		1:58	SZA	SOS	Contemporary R & B", Alternative R & B, R&B," xWHM-xHall-xof-xFemme	0	4	12/24/2024 3:30 PM",,,,,,,,,,,,,,,
"Saturn		3:06	SZA	Saturn	Pop", Alternative R & B, R&B, xWHM-xHall-xof-xFemme," Weekly Ranking[JP]	0	16	12/23/2024 4:36 PM",,,,,,,,,,,,,,
"Broken Clocks [Explicit]		3:51	SZA	Ctrl	R&B", Alternative R & B, Contemporary R & B, Summer, Party," Barbecue	0	11	12/24/2024 3:30 PM",,,,,,,,,,,,,
"COWBELL WARRIOR!		2:36	SXMPRA	COWBELL WARRIOR!		0	38	4/27/2025 12:40 AM",,,,,,,,,,,,,,,,,,
"Funk of Galáctico - Super Slowed		2:11	SXID/Bibi Babydoll	Funk of Galáctico		0	29	4/27/2025 12:40 AM",,,,,,,,,,,,,,,,,,
"No Love		3:52	Summer Walker; SZA	Still Over It	Classic R & B", Contemporary R & B, Rap & Hip Hop," R&B	0	15	12/24/2024 3:30 PM",,,,,,,,,,,,,,,
"Good Looking		3:35	Suki Waterhouse	Milk Teeth	Indie"," Indie Rock	0		12/24/2024 3:30 PM",,,,,,,,,,,,,,,,,
"Losing Interest		2:17	Stract; Shiloh Dynasty	Losing Interest		0	1	12/24/2024 3:30 PM",,,,,,,,,,,,,,,,,,
"Until I Found You (Em Beihold Version)		2:57	Stephen Sanchez; Em Beihold	Until I Found You (Em Beihold Version)	Indie", Alternative, Pop, European Alternative Pop, meme, Indie Pop, Alternative Pop, Classic Pop," Pop Rock	0	1	12/23/2024 4:36 PM",,,,,,,,,,
"Call on Me (Ryan Riback Remix)		3:42	Starley	EPIC LIT	Dance Pop", Dance & Electronic, Tropical House," EDM	0	1	12/24/2024 3:30 PM",,,,,,,,,,,,,,,
"Murder On The Dancefloor		3:51	Sophie Ellis-Bextor	Read My Lips (Deluxe Version)		0	3	6/30/2025 1:49 AM",,,,,,,,,,,,,,,,,,
Young," Wild & Free		3:27	Snoop Dogg; Wiz Khalifa; Bruno Mars	ghost town big 10's	Pop", Soundtracks, Club Hip-Hop, Pop Rap," Rap & Hip Hop	0	2	1/17/2025 11:53 AM",,,,,,,,,,,,,
"IN YOUR EYES		3:35	Snoh Aalegra	TEMPORARY HIGHS IN THE VIOLET SKIES		0	10	8/2/2025 12:28 AM",,,,,,,,,,,,,,,,,,
"All Star		3:21	Smash Mouth	All Star Smash Hits	Pop Rock", Alternative Rock, Pop, Summer," Alternative Pop	0		12/24/2024 4:52 PM",,,,,,,,,,,,,,
"ACELERADA		1:01	sma$her/MXZI	ACELERADA		0	41	9/12/2025 9:33 AM",,,,,,,,,,,,,,,,,,
"VAI NO VAPOR		1:02	sma$her	VAI NO VAPOR		0	17	9/30/2025 10:56 AM",,,,,,,,,,,,,,,,,,
"Unbothered		2:19	Ski Mask the Slump God	STOKELEY	Rap & Hip Hop	0	6	12/23/2024 6:37 PM",,,,,,,,,,,,,,,,,,
"Eyes Blue Like The Atlantic		2:35	Sista Prod; Subvrbs	Eyes Blue Like The Atlantic	Lo-Fi Rock"," Rock	0	7	12/23/2024 4:36 PM",,,,,,,,,,,,,,,,,
"Nasty Dog		4:00	Sir Mix-A-Lot	Chief Boot Knocka	Rap & Hip Hop"," Golden Age Hip-Hop	0	4	12/24/2024 4:52 PM",,,,,,,,,,,,,,,,,
"Just Got Paid		3:38	Sigala; Ella Eyre; Meghan Trainor; French Montana	Brighter Days	Modern Pop", Pop, Dance Pop," Americana	0	1	12/24/2024 3:30 PM",,,,,,,,,,,,,,,
"Snowman		2:46	Sia	Everyday Is Christmas (Deluxe Edition)	Christmas Classics", Christmas Alternative, Moderne Weihnachten, Contemporary Christmas, Christmas Pop, Holiday, xDolbyxAtmosx, Christmas, Alternative Pop, Christmas R&B," Family Christmas	0	2	12/24/2024 3:30 PM",,,,,,,,
"Lost In Japan		3:21	Shawn Mendes	Shawn Mendes		0	8	12/23/2024 4:36 PM",,,,,,,,,,,,,,,,,,
"Mercy (Acoustic)		3:39	Shawn Mendes	Illuminate (Deluxe)	Teen Pop", Singer Songwriter, Acoustic Pop, Adult Contemporary, Acoustic," Pop	0	6	12/24/2024 3:30 PM",,,,,,,,,,,,,
"When Will I See You Again		3:38	Shakka	When Will I See You Again	Alternative	0	2	12/23/2024 6:37 PM",,,,,,,,,,,,,,,,,,
"A Bar Song (Tipsy)		2:51	Shaboozey	Where I've Been"," Isn't Where I'm Going		0	10	5/4/2025 2:24 PM",,,,,,,,,,,,,,,,,
"Fat Juicy & Wet		2:21	Sexyy Red; Bruno Mars	Fat Juicy & Wet	Pop Rap", Rap & Hip Hop, Weekly Ranking[JP], US Rap," Pop	0	4	1/31/2025 9:44 AM",,,,,,,,,,,,,,
"Bow Bow Bow (F My Baby Dad)		2:20	Sexyy Red	Hood Hottest Princess (Deluxe)		0	14	6/1/2025 12:09 PM",,,,,,,,,,,,,,,,,,
"Get It Sexyy		2:29	Sexyy Red	Get It Sexyy		0	15	12/23/2024 4:36 PM",,,,,,,,,,,,,,,,,,
"Funk Destravado - Super Slowed		2:35	SEKIRX	Funk Destravado		0	61	8/13/2025 1:13 AM",,,,,,,,,,,,,,,,,,
"Temperature (Album Version)		3:39	Sean Paul	The Trinity	Pop	0	2	12/24/2024 3:30 PM",,,,,,,,,,,,,,,,,,
"Atlantis		3:50	Seafret	Tell Me It's Real (Expanded Edition)	Acoustic Pop", Indie, Pop, meme, European Alternative Pop," Indie Rock	0	9	12/24/2024 3:30 PM",,,,,,,,,,,,,
"NUNCA MUDA?		1:22	Scythermane/NXGHT!/MC Fabinho da Osk	NUNCA MUDA?		0	59	4/27/2025 12:35 AM",,,,,,,,,,,,,,,,,,
"Unstoppable		3:12	The Score	ATLAS	German Indie Pop", European Indie, Indie," Indie Rock	0	3	12/24/2024 3:30 PM",,,,,,,,,,,,,,,
"Scatman (ski-ba-bop-ba-dop-bop)		3:36	Scatman John	Scatman's World		0	5	8/4/2025 12:01 AM",,,,,,,,,,,,,,,,,,
"AL NACER! - Slowed		2:03	Sayfalse/Nulteex	AL NACER!		0	62	9/30/2025 12:24 AM",,,,,,,,,,,,,,,,,,
"FUNK MI CAMINO		1:20	Sayfalse/Junior RCE	FUNK MI CAMINO		0	54	7/23/2025 9:13 PM",,,,,,,,,,,,,,,,,,
"LOS VOLTAJE		1:39	Sayfalse", Yb Wasg'ood," Ariis	LOS VOLTAJE		0	36	7/27/2025 12:47 AM",,,,,,,,,,,,,,,,
"COM MEDO!		1:10	Sayfalse	COM MEDO!		0	43	9/12/2025 9:37 AM",,,,,,,,,,,,,,,,,,
"Dancing With Your Ghost		3:18	Sasha Alex Sloan	Dancing With Your Ghost	Adult Contemporary", xRA360x," Pop	0	2	12/24/2024 3:30 PM",,,,,,,,,,,,,,,,
"Dancing With A Stranger (with Normani)		2:51	Sam Smith/Normani	Dancing With A Stranger (with Normani)		0	11	9/14/2025 12:36 PM",,,,,,,,,,,,,,,,,,
"Busy Woman		3:07	Sabrina Carpenter	Short n' Sweet (Deluxe)		0	4	8/4/2025 12:01 AM",,,,,,,,,,,,,,,,,,
"Good Graces		3:05	Sabrina Carpenter	Short n' Sweet		0	22	12/23/2024 1:55 AM",,,,,,,,,,,,,,,,,,
"Taste		2:37	Sabrina Carpenter	Short n' Sweet		0	5	7/7/2025 11:21 AM",,,,,,,,,,,,,,,,,,
"Please Please Please		3:06	Sabrina Carpenter	Short n' Sweet		0	4	7/7/2025 11:21 AM",,,,,,,,,,,,,,,,,,
"Espresso		2:56	Sabrina Carpenter	Short n' Sweet		0	5	7/7/2025 11:21 AM",,,,,,,,,,,,,,,,,,
"Manchild		3:34	Sabrina Carpenter	Manchild		0	3	7/7/2025 11:21 AM",,,,,,,,,,,,,,,,,,
"When Did You Get Hot?		2:25	Sabrina Carpenter	Man’s Best Friend		0	8	10/3/2025 2:25 PM",,,,,,,,,,,,,,,,,,
"Dandelions		3:54	Ruth B. 	Safe Haven	Alternative & Indie	0	3	12/24/2024 3:30 PM",,,,,,,,,,,,,,,,,,
"Drama		4:12	Roy Woods; Drake	Exis	Alternative R & B", R&B," Contemporary R & B	0	2	12/24/2024 3:30 PM",,,,,,,,,,,,,,,,
"APT.		2:50	ROSÉ; Bruno Mars	APT.	Weekly Ranking[JP]", Pop, Modern Pop, Pop Rock," K-Pop	0	5	12/24/2024 4:28 PM",,,,,,,,,,,,,,
"The Box		3:17	Roddy Ricch	Please Excuse Me for Being Antisocial		0	1	12/23/2024 4:36 PM",,,,,,,,,,,,,,,,,,
"Chill Bill [Explicit]		2:57	Rob $tone; J. Davi$; Spooks	Chill Bill	Modern Rap", Trap Rap," Rap & Hip Hop	0	2	12/24/2024 3:30 PM",,,,,,,,,,,,,,,,
"Nothing's New		3:31	Rio Romeo	Good God!	Alternative Pop	0	3	12/24/2024 3:30 PM",,,,,,,,,,,,,,,,,,
"We Found Love		3:35	Rihanna/Calvin Harris	Talk That Talk		0	8	2/26/2025 7:54 AM",,,,,,,,,,,,,,,,,,
"S&M		4:04	Rihanna	Loud (Japan Version)		0	11	2/26/2025 7:54 AM",,,,,,,,,,,,,,,,,,
"Only Girl (In The World)		3:56	Rihanna	Loud (Japan Version)		0	25	7/12/2025 7:28 PM",,,,,,,,,,,,,,,,,,
"Don't Stop The Music		4:27	Rihanna	Good Girl Gone Bad: Reloaded		0	7	12/23/2024 4:36 PM",,,,,,,,,,,,,,,,,,
"Shut Up And Drive		3:32	Rihanna	Good Girl Gone Bad		0	4	6/30/2025 1:49 AM",,,,,,,,,,,,,,,,,,
"SOS		3:59	Rihanna	A Girl Like Me		0	4	2/26/2025 7:54 AM",,,,,,,,,,,,,,,,,,
"ONE CALL		2:01	Rich Amiri	ONE CALL		0	40	12/23/2024 4:36 PM",,,,,,,,,,,,,,,,,,
"MONTAGEM BAILÃO		1:44	Repsaj/MXZI/ATLXS/Mc Jhey	MONTAGEM BAILÃO		0	43	8/10/2025 4:23 AM",,,,,,,,,,,,,,,,,,
"Mind Games - Speed		2:06	Ren	Mind Games (Speed)		0	27	12/23/2024 1:55 AM",,,,,,,,,,,,,,,,,,
"M-Works		1:27	RELYCT/ARKEA/DUWIX0	M-Works		0	49	7/22/2025 1:42 AM",,,,,,,,,,,,,,,,,,
"Love Me Not		3:34	Ravyn Lenae	Bird's Eye	Alternative Hip-Hop", Women in Music, R&B, Alternative Pop," Pop	0	79	4/17/2025 11:59 PM",,,,,,,,,,,,,,
"Notion		3:15	The Rare Occasions	Notion	Indie", Alternative, Rock, Indie Rock, meme," Alternative Rock	0	3	12/24/2024 3:30 PM",,,,,,,,,,,,,
"Human		3:19	Rag'n'Bone Man	Human		0	6	12/24/2024 3:30 PM",,,,,,,,,,,,,,,,,,
"Baby (Lil Baby feat. DaBaby)		2:22	Quality Control/Lil Baby/DaBaby	Quality Control: Control The Streets Volume 2		0	12	7/6/2025 12:58 AM",,,,,,,,,,,,,,,,,,
"SEMPERO - Slowed		2:04	QMIIR	SEMPERO		0	23	9/19/2025 2:18 PM",,,,,,,,,,,,,,,,,,
Cnv Sound," Vol. 14		3:15	Pure Negga	Cnv Sound Volums (Kion Studio One Shots)		0	4	12/23/2024 4:36 PM",,,,,,,,,,,,,,,,,
"Sunflower - Spider-Man: Into the Spider-Verse		2:38	Post Malone; Swae Lee	Spider-Man: Into the Spider-Verse (Soundtrack From & Inspired by the Motion Picture)		0	5	12/23/2024 1:55 AM",,,,,,,,,,,,,,,,,,
"I Had Some Help (Feat. Morgan Wallen)		2:58	Post Malone/Morgan Wallen	I Had Some Help		0	2	8/11/2025 2:19 PM",,,,,,,,,,,,,,,,,,
"Feel It Still		2:43	Portugal. The Man	Woodstock		0	6	12/23/2024 1:55 AM",,,,,,,,,,,,,,,,,,
"RATHER LIE (with The Weeknd)		3:30	Playboi Carti/The Weeknd	MUSIC		0	17	7/7/2025 11:21 AM",,,,,,,,,,,,,,,,,,
"FIELD TRIP		2:47	¥$/Playboi Carti/Don Toliver/Kodak Black	FIELD TRIP		0	49	5/19/2025 3:55 AM",,,,,,,,,,,,,,,,,,
"ILoveUIHateU		2:15	Playboi Carti	Whole Lotta Red		0	2	7/12/2025 2:47 PM",,,,,,,,,,,,,,,,,,
"EVIL J0RDAN		3:04	Playboi Carti	MUSIC		0	2	7/6/2025 12:58 AM",,,,,,,,,,,,,,,,,,
"Time of Our Lives (Explicit)		3:49	Pitbull; Ne-Yo	Globalization	Pop", Dance Pop, Modern Pop," Rap & Hip Hop	0	3	12/24/2024 3:30 PM",,,,,,,,,,,,,,,
"Fireball		3:56	Pitbull; John Ryan	Globalization	Pop"," Rap & Hip Hop	0	3	12/24/2024 3:30 PM",,,,,,,,,,,,,,,,,
"Time of Our Lives		3:49	Pitbull/Ne-Yo	Globalization		0	1	6/30/2025 1:49 AM",,,,,,,,,,,,,,,,,,
"Timber		3:24	Pitbull/Kesha	Global Warming: Meltdown (Deluxe Version)		0	12	6/30/2025 1:49 AM",,,,,,,,,,,,,,,,,,
"Feel This Moment (feat. Christina Aguilera)		3:50	Pitbull/Christina Aguilera	Global Warming: Meltdown (Deluxe Version)		0	1	6/30/2025 1:49 AM",,,,,,,,,,,,,,,,,,
"Hotel Room Service		3:59	Pitbull	Pitbull Starring In Rebelution		0		6/30/2025 1:49 AM",,,,,,,,,,,,,,,,,,
"Pain		1:39	PinkPantheress	Pain		0	7	12/23/2024 4:36 PM",,,,,,,,,,,,,,,,,,
"Illegal		2:30	PinkPantheress	Fancy That		0	13	7/6/2025 12:58 AM",,,,,,,,,,,,,,,,,,
"So Far So Fake		3:56	Pierce The Veil	The Jaws Of Life		1	72	9/14/2025 12:33 PM",,,,,,,,,,,,,,,,,,
"good to me		2:02	PiCKUPLiNES	good to me	Dance	0	2	12/24/2024 3:30 PM",,,,,,,,,,,,,,,,,,
"Down In Atlanta		2:44	Pharrell Williams; Travis Scott	Down In Atlanta	Rap & Hip Hop", US Rap, Contemporary Rap, Alternative Hip-Hop," Pop Rap	0	4	12/24/2024 3:30 PM",,,,,,,,,,,,,,
"Happy (From ""Despicable Me 2"")		3:53	Pharrell Williams	G I R L	bykids", xRA360x, Pop, Dance Pop, Weekly Ranking[JP], Party, Barbecue, Cabrio, Contemporary Pop," Summer	0	1	12/24/2024 4:52 PM",,,,,,,,,
"Double Life (From ""Despicable Me 4"")		3:11	Pharrell Williams	Double Life (From ""Despicable Me 4"")		0	6	12/23/2024 4:36 PM",,,,,,,,,,,,,,,,,,
"Mundian To Bach Ke		4:06	Panjabi MC	The Album	Indian", Soundtracks, Bollywood, WORLD MUSIC (DE)," Indian Soundtracks	0	1	12/24/2024 4:46 PM",,,,,,,,,,,,,,
"High Hopes		3:12	Panic! At The Disco	High Hopes		0	4	12/23/2024 4:36 PM",,,,,,,,,,,,,,,,,,
"House of Memories		3:29	Panic! At The Disco	Death of a Bachelor	Pop Rock", Alternative Pop, Alt, Indie, Alternative, European Alternative Pop, Pop Punk," Modern Pop	0	3	12/24/2024 3:30 PM",,,,,,,,,,,
"I Ain't Worried		2:29	OneRepublic	Top Gun: Maverick (Music From The Motion Picture)	Weekly Ranking[JP]", Beach, Dance Pop, Soundtracks, Adult Contemporary, Pop," Pop Rock	0	1	12/24/2024 3:30 PM",,,,,,,,,,,,
"What Makes You Beautiful		3:18	One Direction	Up All Night	Boy Band", Weekly Ranking[JP], Teen Pop, Pop, Summer, Party," Barbecue	0	3	12/24/2024 4:28 PM",,,,,,,,,,,,
"Cheerleader (Felix Jaehn Remix Radio Edit)		3:02	OMI	Me 4 U: The Remixes	Pop", Afropop, Dance Pop, Dance & Electronic, Remix," Summer	0	1	12/24/2024 3:30 PM",,,,,,,,,,,,,
"Breathe		3:53	Olly Alexander (Years & Years)	Take Shelter		0	11	12/23/2024 4:36 PM",,,,,,,,,,,,,,,,,,
"WESTERN		1:50	Ogryzek	WESTERN		0	31	4/27/2025 12:40 AM",,,,,,,,,,,,,,,,,,
"AURA - Slowed		2:18	Ogryzek	AURA		0	30	4/27/2025 12:40 AM",,,,,,,,,,,,,,,,,,
"KEEP UP		2:13	Odetari	KEEP UP // FROSTBITE	EDM"," Dance & Electronic	0	23	12/24/2024 3:54 PM",,,,,,,,,,,,,,,,,
"HYPNOTIC DATA - Slowed & Reverbed		2:39	ODECORE/Odetari	XIII SORROWS (ODECORE MIX)		0	42	4/27/2025 12:40 AM",,,,,,,,,,,,,,,,,,
"want u		1:42	noevdv	want u	Alternative Pop	0	20	12/25/2024 10:33 PM",,,,,,,,,,,,,,,,,,
"Cupid Flow		2:54	NLE Choppa/Blueface/FIFTY FIFTY			0	3	7/25/2025 10:31 PM",,,,,,,,,,,,,,,,,,
"I Like U		4:28	NIKI	I Like U	Female Hip-Hop	0	5	12/24/2024 3:30 PM",,,,,,,,,,,,,,,,,,
"Starships		3:31	Nicki Minaj	Pink Friday ... Roman Reloaded		0	6	2/26/2025 7:54 AM",,,,,,,,,,,,,,,,,,
"Super Bass		3:20	Nicki Minaj	Pink Friday (Complete Edition)	Pop", Pop Rap," Rap & Hip Hop	0	7	12/24/2024 4:28 PM",,,,,,,,,,,,,,,,
"RUNNING		4:14	NF	HOPE	Conscious Rap	0	2	12/24/2024 3:30 PM",,,,,,,,,,,,,,,,,,
"New Jeans		1:49	NewJeans	NewJeans 'Super Shy'	Pop"," K-Pop	0	23	1/11/2025 9:56 PM",,,,,,,,,,,,,,,,,
"How Sweet		3:39	NewJeans	How Sweet	K-Pop", Pop," Weekly Ranking[JP]	0	10	1/11/2025 9:56 PM",,,,,,,,,,,,,,,,
"Better Days		2:41	NEIKED; Mae Muller; Polo G	Better Days	3D", Beach, Dance & Electronic, Electro, Dance Pop," Pop	0	2	12/23/2024 6:37 PM",,,,,,,,,,,,,
"R.I.P. 2 My Youth		3:25	The Neighbourhood	Wiped Out!	American Alternative", Alternative Rock, Rock, Indie, Alternative," Hard Rock	0	3	12/24/2024 3:51 PM",,,,,,,,,,,,,
"R.I.P. 2 My Youth		3:25	The Neighbourhood	Wiped Out!	American Alternative", Alternative Rock, Rock, Indie, Alternative," Hard Rock	0	1	12/24/2024 3:30 PM",,,,,,,,,,,,,
"Sweater Weather		4:00	The Neighbourhood	I Love You.	Alternative", Pop, meme, Summer, Party, Barbecue, Indie," Alternative Pop	0	9	12/24/2024 3:30 PM",,,,,,,,,,,
"Softcore		3:26	The Neighbourhood	Hard To Imagine The Neighbourhood Ever Changing	Alternative & Indie	0	12	12/23/2024 1:55 AM",,,,,,,,,,,,,,,,,,
"NEXT! - Slowed		1:48	NCTS	NEXT!		0	48	4/27/2025 12:40 AM",,,,,,,,,,,,,,,,,,
"La La La		3:40	Naughty Boy	In The Lonely Hour (Drowning Shadows Edition)	Pop	0	4	12/24/2024 3:30 PM",,,,,,,,,,,,,,,,,,
"Unwritten		4:18	Natasha Bedingfield	The Sisterhood Of The Traveling Pants - Music From The Motion Picture	Summer", Party, Barbecue, Pop, Adult Contemporary," Dance Pop	0	2	12/23/2024 4:36 PM",,,,,,,,,,,,,
"Pocketful of Sunshine		3:23	Natasha Bedingfield	Pocketful Of Sunshine		0	16	6/1/2025 12:09 PM",,,,,,,,,,,,,,,,,,
"DIA DELÍCIA		1:16	Nakama/Mc Staff/ΣP	DIA DELÍCIA		0	88	7/12/2025 2:47 PM",,,,,,,,,,,,,,,,,,
"SEM SAÍDA		1:01	Nakama/Mc Staff	SEM SAÍDA		0	83	9/26/2025 2:08 PM",,,,,,,,,,,,,,,,,,
"MENTE MÁ		1:15	Nakama/Mc Staff	MENTE MÁ		0	70	7/25/2025 10:25 PM",,,,,,,,,,,,,,,,,,
"Stargazing		2:53	Myles Smith	Stargazing		0	25	7/12/2025 2:47 PM",,,,,,,,,,,,,,,,,,
"MONTAGEM XONADA		1:16	MXZI/Dj Samir/DJ Javi26	MONTAGEM XONADA		0	52	8/10/2025 4:23 AM",,,,,,,,,,,,,,,,,,
"MONTAGEM TOMADA		1:11	MXZI	MONTAGEM TOMADA		0	96	4/27/2025 9:38 AM",,,,,,,,,,,,,,,,,,
"I GET IT		2:15	Moving in Silence/Lilaj/DaleoDaVinci	I GET IT		0	43	3/30/2025 10:32 PM",,,,,,,,,,,,,,,,,,
"What I Want (feat. Tate McRae)		3:05	Morgan Wallen/Tate McRae	I’m The Problem		0	38	8/2/2025 1:25 AM",,,,,,,,,,,,,,,,,,
"Hotel		3:17	Montell Fish	Her Love Still Haunts Me Like a Ghost	Indie Pop", Alternative Pop, Indie, Pop, Experimental, Alternative Hip-Hop, Contemporary R & B," R&B	0	2	12/23/2024 4:36 PM",,,,,,,,,,,
"My Love Mine All Mine		2:18	Mitski	The Land Is Inhospitable and So Are We	Indie", New Music, Indie Rock, Alternative, Acoustic Pop, Pop, European Indie, Coffee Shop [Conflict]," xWHM-xHall-xof-xFemme	0	8	12/24/2024 3:30 PM",,,,,,,,,,
"Party In The U.S.A.		3:24	Miley Cyrus	Pop Nostalgia		0	12	12/23/2024 4:36 PM",,,,,,,,,,,,,,,,,,
"Midnight Sky		3:43	Miley Cyrus	Plastic Hearts	Alternative Pop", xWHM-xVocalists, xWHM-xProvocateurs, Weekly Ranking[JP], Party, Summer, Barbecue," Pop	0	32	1/28/2025 8:44 PM",,,,,,,,,,,
"Wrecking Ball		3:41	Miley Cyrus	Bangerz (Deluxe Version)		0		6/30/2025 1:49 AM",,,,,,,,,,,,,,,,,,
"Mayonaka no Door 〜 Stay with Me		5:12	Miki Matsubara	Pocket Park (Remastered)	J-POP", Japanese City Pop," Hogaku Music	0	1	12/24/2024 3:30 PM",,,,,,,,,,,,,,,,
"Cooler Than Me (Single Mix)		3:33	Mike Posner	31 Minutes to Takeoff	Electro-Pop", Dance Pop, Pop, Summer, Party, Barbecue," Dance & Electronic	0	11	12/24/2024 4:28 PM",,,,,,,,,,,,
"Girl With The Tattoo Enter.Lewd		1:43	Miguel	All I Want Is You	Contemporary R & B"," R&B	0	5	12/23/2024 4:36 PM",,,,,,,,,,,,,,,,,
"Sure Thing		3:15	Miguel	All I Want Is You	Contemporary R & B", Summer, Party, Barbecue, Pop, R&B," European Alternative Pop	0	2	12/24/2024 3:30 PM",,,,,,,,,,,,
"Bad and Boujee		5:43	Migos; Lil Uzi Vert	Culture	Modern Rap", Mumble Rap, US Rap, Rap & Hip Hop," Southern Rap	0		12/24/2024 3:30 PM",,,,,,,,,,,,,,
"Billie Jean		4:54	Michael Jackson	Thriller		0	1	8/7/2025 12:32 AM",,,,,,,,,,,,,,,,,,
"Feeling Good		3:57	Michael Bublé	It's Time	Jazz", Crooner & Easy Listening, Crooners, Pop Vocals, Adult Contemporary, Vocal Jazz," Swing Jazz	0	3	12/24/2024 3:30 PM",,,,,,,,,,,,
"Trance		3:15	Metro Boomin; Travis Scott; Young Thug	HEROES & VILLAINS	US Rap", Trap Rap," Rap & Hip Hop	0	2	12/24/2024 3:30 PM",,,,,,,,,,,,,,,,
"Niagara Falls (Foot or 2)		3:27	Metro Boomin; Travis Scott; 21 Savage	HEROES & VILLAINS	Trap", Rap & Hip Hop," US Rap	0	4	12/24/2024 3:30 PM",,,,,,,,,,,,,,,,
"Creepin'		3:42	Metro Boomin; The Weeknd; 21 Savage	HEROES & VILLAINS	Pop", Alternative Pop, meme, Canadian, R&B, Rap & Hip Hop," Contemporary R & B	0	3	12/24/2024 3:30 PM",,,,,,,,,,,,
"Space Cadet		3:23	Metro Boomin; Gunna	NOT ALL HEROES WEAR CAPES (Deluxe)	Trap Rap", Rap & Hip Hop, xDolbyxAtmosx," Contemporary Rap	0	1	12/24/2024 3:30 PM",,,,,,,,,,,,,,,
"Superhero (Heroes & Villains)		3:03	Metro Boomin; Future; Chris Brown	HEROES & VILLAINS	Trap", Rap & Hip Hop, Trap Rap," US Rap	0	31	12/24/2024 3:30 PM",,,,,,,,,,,,,,,
"Self Love (Spider-Man: Across the Spider-Verse)		3:10	Metro Boomin; Coi Leray	METRO BOOMIN PRESENTS SPIDER-MAN: ACROSS THE SPIDER-VERSE (SOUNDTRACK FROM AND INSPIRED BY THE MOTION PICTURE)	Alternative Hip-Hop", Pop Rap, Rap & Hip Hop, Soundtracks," Pop	0	5	12/24/2024 3:30 PM",,,,,,,,,,,,,,
"Young Black & Rich		2:35	Melly Mike	Young Black & Rich		0	66	7/12/2025 2:47 PM",,,,,,,,,,,,,,,,,,
"Mamushi		2:37	Megan Thee Stallion; Yuki Chiba	MEGAN (Amazon Exclusive)	Rap & Hip Hop", Female Hip-Hop, US Rap, Contemporary Rap, Japanese Hip Hop, Pop," Weekly Ranking[JP]	0	5	12/24/2024 4:38 PM",,,,,,,,,,,,
"WHERE YOU BELONG		2:57	Matt Hansen	WHERE YOU BELONG	Pop	0	2	12/24/2024 3:30 PM",,,,,,,,,,,,,,,,,,
"something to remember		2:42	Matt Hansen	something to remember	Indie Pop"," Pop	0	1	12/24/2024 3:30 PM",,,,,,,,,,,,,,,,,
"Family Affair		4:26	Mary J. Blige	No More Drama (Version 2)	Pop Rock", Contemporary R & B, R&B, Pop, xWHM-xHall-xof-xFemme, Rap & Hip Hop," Alternative Pop	0	4	12/24/2024 3:30 PM",,,,,,,,,,,,
"Summer Days		2:44	Martin Garrix; Macklemore; Fall Out Boy	Summer Days	Modern Pop", Pop, Dance & Electronic, Weekly Ranking[JP]," Dance Pop	0	6	12/24/2024 3:30 PM",,,,,,,,,,,,,,
"Silence		3:01	Marshmello; Khalid	Summer Pop Party Songs	EDM", Contemporary R & B, Modern Pop, R&B, Dance Pop, Dance & Electronic, Party, Summer," Barbecue	0	2	12/24/2024 3:30 PM",,,,,,,,,,
"Cold		3:54	Maroon 5; Future	Red Pill Blues (Deluxe)	Modern Pop", xDolbyxAtmosx, Weekly Ranking[JP]," Pop	0	5	12/24/2024 3:30 PM",,,,,,,,,,,,,,,
"Ruthless (Nice Guys Always Finish Last)		3:53	MarMar Oso	Mixed Emotions	Rap & Hip Hop	0	1	12/24/2024 3:30 PM",,,,,,,,,,,,,,,,,,
"Touch My Body		3:25	Mariah Carey	E=MC2 (Deluxe Version)	Contemporary R & B", R&B," Pop	0	3	12/24/2024 3:30 PM",,,,,,,,,,,,,,,,
"Superstar		3:23	Mandee; Maria Mathea	Superstar	Dance & Electronic	0	2	12/24/2024 3:30 PM",,,,,,,,,,,,,,,,,,
"Can't Hold Us		4:18	Macklemore; Ryan Lewis; Macklemore & Ryan Lewis; Ray Dalton	The Heist [Clean]	Dance Pop	0	5	12/24/2024 3:30 PM",,,,,,,,,,,,,,,,,,
"Thrift Shop (Explicit)		3:56	Macklemore & Ryan Lewis; Macklemore; Ryan Lewis; Wanz	The Heist	Pop Rap", Rap & Hip Hop," Pop	0	3	12/24/2024 3:30 PM",,,,,,,,,,,,,,,,
"Glorious (feat. Skylar Grey)		3:41	Macklemore	GEMINI		0	16	9/19/2025 2:18 PM",,,,,,,,,,,,,,,,,,
"Ophelia		2:40	The Lumineers	Cleopatra (Deluxe Edition)	Alternative", Acoustic Pop, Pop, Folk, Adult Album Alternative," Indie Folk	0		12/24/2024 3:30 PM",,,,,,,,,,,,,
"Fast Car		4:25	Luke Combs	Gettin' Old	Country", Cover, Pop, Adult Contemporary, Contemporary Country," Acoustic	0	1	12/24/2024 3:30 PM",,,,,,,,,,,,,
"Country Girl (Shake It For Me)		3:46	Luke Bryan	Tailgates & Tanlines		0	9	12/23/2024 4:36 PM",,,,,,,,,,,,,,,,,,
"That's My Kind Of Night		3:51	Luke Bryan	Crash My Party (Deluxe)		0	15	4/13/2025 3:39 PM",,,,,,,,,,,,,,,,,,
"Body		2:43	Loud Luxury/Brando	Body		0	11	6/30/2025 1:49 AM",,,,,,,,,,,,,,,,,,
"love song (hesitations)		2:23	Lofuu; Shiloh Dynasty; dprk	i miss you (hesitations deluxe)	Indie Dance"," Pop	0	3	12/24/2024 3:30 PM",,,,,,,,,,,,,,,,,
"Cannonball (feat. Don Toliver)		2:03	Lithe/Don Toliver	Cannonball (feat. Don Toliver)		0	8	9/30/2025 12:24 AM",,,,,,,,,,,,,,,,,,
"af1		2:21	Lilbubblegum	af1	Alternative Hip-Hop"," Rap & Hip Hop	0	2	12/24/2024 3:30 PM",,,,,,,,,,,,,,,,,
"Love Me		4:15	Lil Wayne/Drake/Future	I Am Not A Human Being II (Deluxe)		0	1	7/12/2025 2:47 PM",,,,,,,,,,,,,,,,,,
"Homecoming		3:34	Lil Uzi Vert	Eternal Atake		0		8/2/2025 12:28 AM",,,,,,,,,,,,,,,,,,
"Outfit (with 21 Savage)		2:57	Lil Baby/21 Savage	Outfit (with 21 Savage)		0	75	5/19/2025 3:55 AM",,,,,,,,,,,,,,,,,,
"Hot		2:24	Liili	Hot	Teen Pop	0	25	12/24/2024 4:04 PM",,,,,,,,,,,,,,,,,,
"CRAZY		2:45	LE SSERAFIM	CRAZY	K-Pop", Pop, Weekly Ranking[JP], Dance Pop, Dance & Electronic," J-POP	0	19	1/11/2025 9:56 PM",,,,,,,,,,,,,
"Somebody		3:22	Latto	Somebody		0	48	8/7/2025 12:32 AM",,,,,,,,,,,,,,,,,,
"Young And Beautiful		3:56	Lana Del Rey	Young And Beautiful	Alternative Rock", Indie Pop, Dream Pop, Alternative Pop," Pop	0	13	12/23/2024 4:36 PM",,,,,,,,,,,,,,
"Cinnamon Girl		5:01	Lana Del Rey	Norman Fucking Rockwell!		0	61	8/4/2025 12:01 AM",,,,,,,,,,,,,,,,,,
"Born To Die		4:46	Lana Del Rey	Born To Die - The Paradise Edition		0	16	8/10/2025 4:23 AM",,,,,,,,,,,,,,,,,,
"Dark Paradise		4:03	Lana Del Rey	Born To Die – Paradise Edition (Special Version)	Teen Pop", Singer Songwriter, Indie Pop, Alternative Pop, Alternative, Pop, European Alternative Pop," xWHM-xHall-xof-xFemme	0	14	12/23/2024 4:36 PM",,,,,,,,,,,
"Summertime Sadness		4:25	Lana Del Rey	Born To Die		0	8	12/24/2024 3:30 PM",,,,,,,,,,,,,,,,,,
"Die With A Smile		4:12	Lady Gaga; Bruno Mars	Die With A Smile	Acoustic", Pop, Adult Contemporary, Weekly Ranking[JP]," Modern Pop	0	10	12/24/2024 4:05 PM",,,,,,,,,,,,,,
"Just Dance		4:02	Lady Gaga/Colby O'Donis	The Fame		0	5	2/26/2025 7:54 AM",,,,,,,,,,,,,,,,,,
"Monster		4:09	Lady Gaga	The Fame Monster (Deluxe Edition)		0	1	2/26/2025 7:54 AM",,,,,,,,,,,,,,,,,,
"Mount Everest		2:38	Labrinth	Mount Everest	R&B", Rap & Hip Hop, meme, TV Soundtrack, Electropop, Singer Songwriter, Alternative, Pop, Summer, Party, Barbecue," Alternative Hip-Hop	0	4	12/24/2024 3:30 PM",,,,,,,
"Bulletproof		3:26	La Roux	La Roux		0	3	12/23/2024 1:55 AM",,,,,,,,,,,,,,,,,,
"Bang Bang (Album Version (Explicit))		3:07	K'naan	Troubadour	Hip-Hop/Rap	0	1	12/23/2024 1:55 AM",,,,,,,,,,,,,,,,,,
"Mr. Rager		4:54	Kid Cudi	Man On The Moon II: The Legend Of Mr. Rager	Alternative Hip-Hop", Rap & Hip Hop," Melodic Rap	0	1	12/24/2024 3:30 PM",,,,,,,,,,,,,,,,
"time's arrow		2:19	Kibishi	time's arrow	Lo-Fi Hip Hop	0	1	12/25/2024 5:42 AM",,,,,,,,,,,,,,,,,,
"Die Young		3:32	Kesha	Warrior (Expanded Edition)		0	2	2/26/2025 7:54 AM",,,,,,,,,,,,,,,,,,
"We R Who We R		3:25	Kesha	Cannibal (Expanded Edition)		0	14	2/26/2025 7:54 AM",,,,,,,,,,,,,,,,,,
"TiK ToK		3:20	Kesha	Animal (Expanded Edition)		0	5	2/26/2025 7:54 AM",,,,,,,,,,,,,,,,,,
"EASY DUB		3:12	Kenny Mason; Babydrill	9	Rap & Hip Hop	0	2	12/23/2024 4:36 PM",,,,,,,,,,,,,,,,,,
"Malas Decisiones		2:19	Kenia Os	K23	Pop in Spanish", Latin Pop," Latin	0	50	1/17/2025 11:47 AM",,,,,,,,,,,,,,,,
"gloria (with sza)		4:48	Kendrick Lamar; SZA	GNX		0	25	12/23/2024 1:55 AM",,,,,,,,,,,,,,,,,,
"luther		2:58	Kendrick Lamar; SZA	GNX	US Rap", Pop, Rap & Hip Hop, Contemporary R & B, R&B," Weekly Ranking[JP]	0	48	12/25/2024 3:16 AM",,,,,,,,,,,,,
"All The Stars [Explicit]		3:52	Kendrick Lamar; SZA	Black Panther The Album Music From And Inspired By	US Rap", Modern Pop, Soundtracks, Rap & Hip Hop, Pop," Weekly Ranking[JP]	0	1	12/24/2024 3:30 PM",,,,,,,,,,,,,
"All The Stars (with SZA)		3:56	Kendrick Lamar; SZA	All The Stars (with SZA)		0	77	1/6/2025 6:19 AM",,,,,,,,,,,,,,,,,,
"The Recipe [Explicit]		5:53	Kendrick Lamar; Dr. Dre	good kid"," m.A.A.d city (Deluxe) 	Rap & Hip Hop", Political Hip-Hop, US Rap, Hardcore Rap," West Coast Hip-Hop	0		1/17/2025 11:50 AM",,,,,,,,,,,,,
"Not Like Us		4:34	Kendrick Lamar	Not Like Us		0	2	12/23/2024 4:36 PM",,,,,,,,,,,,,,,,,,
"Money Trees		6:27	Kendrick Lamar	good kid"," m.A.A.d city		0	2	7/28/2025 11:08 PM",,,,,,,,,,,,,,,,,
"ss		3:05	Ken Carson	A Great Chaos (Deluxe)		0	86	3/30/2025 10:32 PM",,,,,,,,,,,,,,,,,,
"Since U Been Gone		3:09	Kelly Clarkson	Breakaway		0	1	6/30/2025 1:49 AM",,,,,,,,,,,,,,,,,,
"California Gurls		3:55	Katy Perry; Snoop Dogg	Viral Hits Volume 12	Dance Pop", Electro-Pop, Pop Rap, Modern Pop," Pop	0	7	12/24/2024 4:28 PM",,,,,,,,,,,,,,
"Dark Horse		3:36	Katy Perry/Juicy J	PRISM		0	1	6/30/2025 1:49 AM",,,,,,,,,,,,,,,,,,
"Teenage Dream		3:48	Katy Perry	Teenage Dream: The Complete Confection		0	13	12/23/2024 4:36 PM",,,,,,,,,,,,,,,,,,
"Firework		3:48	Katy Perry	Teenage Dream	Teen Pop", Pride, Pop, Contemporary Pop, Weekly Ranking[JP], LGBT, xWHM-xHall-xof-xFemme, Adult Contemporary," Modern Pop	0	8	12/24/2024 4:28 PM",,,,,,,,,,
"Last Friday Night (T.G.I.F.)		3:51	Katy Perry	Teenage Dream	Party", xWHM-xHall-xof-xFemme, Pop, Dance Pop," Contemporary Pop	0	8	12/24/2024 4:28 PM",,,,,,,,,,,,,,
"Hot N Cold		3:40	Katy Perry	One Of The Boys	Pop", TV Soundtrack," Pop Rock	0	5	12/24/2024 4:28 PM",,,,,,,,,,,,,,,,
"Unlike Me		4:43	Kate Havnevik	Melankton		0		10/9/2025 3:33 PM",,,,,,,,,,,,,,,,,,
"CARNIVAL		4:24	¥$; Kanye West; Ty Dolla $ign	VULTURES 1	Trap", Alternative Hip-Hop, Rap & Hip Hop, US Rap," Weekly Ranking[JP]	0	61	12/24/2024 3:57 PM",,,,,,,,,,,,,,
"Gold Digger		3:28	Kanye West/Jamie Foxx	Late Registration		0	3	7/6/2025 12:58 AM",,,,,,,,,,,,,,,,,,
"Violent Crimes		3:35	Kanye West	ye	Rap & Hip Hop	0	2	12/24/2024 3:30 PM",,,,,,,,,,,,,,,,,,
"Flashing Lights		3:58	Kanye West	Graduation	Hip-Hop/Rap	0	4	12/24/2024 3:30 PM",,,,,,,,,,,,,,,,,,
"Praise God		3:47	Kanye West	Donda	Rap & Hip Hop"," Trap	0	2	12/24/2024 3:30 PM",,,,,,,,,,,,,,,,,
"I exist because of you		3:11	KANVAS MUSIC	I exist because of you		0	8	4/27/2025 12:35 AM",,,,,,,,,,,,,,,,,,
"After The Storm		3:28	Kali Uchis; Tyler"," The Creator; Bootsy Collins	Isolation		0	21	12/23/2024 4:36 PM",,,,,,,,,,,,,,,,,
"Moonlight		3:08	Kali Uchis	Red Moon In Venus	R&B", Latin Pop, Contemporary R & B, Alternative R & B, Latin," Neo Soul	0		12/24/2024 3:30 PM",,,,,,,,,,,,,
"Way down We Go		3:34	KALEO	A/B	Adult Album Alternative", Rock, Blues Rock, Hard Rock, Alternative, Pop," Alternative Rock	0	5	12/24/2024 3:30 PM",,,,,,,,,,,,
"Love Songs (Bonus)		2:29	Kaash Paige	Parked Car Convos	Acoustic", R&B, Rap & Hip Hop," Contemporary R & B	0	14	12/24/2024 3:51 PM",,,,,,,,,,,,,,,
"Collide		4:20	Justine Skye; Tyga	Collide (Remix Pack)	Contemporary R & B", R&B, Pop," Pop Rap	0	6	12/24/2024 3:30 PM",,,,,,,,,,,,,,,
"Mirrors		8:06	Justin Timberlake	The 20/20 Experience (Deluxe Version)	Contemporary R & B", R&B, Pop, Party, Summer," Barbecue	0	5	12/24/2024 3:30 PM",,,,,,,,,,,,,
"Confident		4:08	Justin Bieber/Chance the Rapper	Journals		0	2	7/6/2025 12:58 AM",,,,,,,,,,,,,,,,,,
"DAISIES		2:57	Justin Bieber	SWAG		0	49	8/2/2025 1:25 AM",,,,,,,,,,,,,,,,,,
"Don't Stop Believin'		4:11	Journey	Greatest Hits (2024 Remaster)	Classic Rock", Pop, Barbecue, Oldies, Rock," Arena Rock	0	5	12/23/2024 4:36 PM",,,,,,,,,,,,,
"Perfect Strangers (Acoustic)		3:11	Jonas Blue; JP Cooper	Perfect Strangers (Acoustic)	Acoustic Pop"," Pop	0	4	12/23/2024 4:36 PM",,,,,,,,,,,,,,,,,
"All Time Low [Explicit]		3:38	Jon Bellion	The Human Condition	Alternative Pop", Pop, Dance Pop," Adult Contemporary	0	2	12/23/2024 6:37 PM",,,,,,,,,,,,,,,
Take Me Home," Country Roads		3:18	John Denver	The John Denver Collection"," Vol 1: Take Me Home Country Roads	Pop	0	3	12/23/2024 1:55 AM",,,,,,,,,,,,,,,,
"OK		2:23	Joey Valence & Brae	NO HANDS		0	18	7/12/2025 2:47 PM",,,,,,,,,,,,,,,,,,
"Everything Is AWESOME!!!		1:27	Jo Li	The Lego Movie (Original Motion Picture Soundtrack)	bykids"," Soundtracks	0		12/24/2024 4:52 PM",,,,,,,,,,,,,,,,,
"Vem Vem		1:23	Jmilton/MC Xangai	Vem Vem		1	42	7/12/2025 2:47 PM",,,,,,,,,,,,,,,,,,
"Montagem Bandido		1:27	Jmilton/Itamar Mc	Montagem Bandido		0	56	8/10/2025 4:23 AM",,,,,,,,,,,,,,,,,,
"tell you straight		2:05	jigitz	tell you straight		0	14	8/11/2025 2:03 PM",,,,,,,,,,,,,,,,,,
"Stay Ready (What A Life)		6:22	Jhené Aiko/Kendrick Lamar	Sail Out		0	1	4/13/2025 3:39 PM",,,,,,,,,,,,,,,,,,
"Domino		3:52	Jessie J	Who You Are (Platinum Edition)		0	7	2/26/2025 7:54 AM",,,,,,,,,,,,,,,,,,
"Empire State Of Mind (Explicit)		4:37	Jay-Z; Alicia Keys	The Hits Collection Volume One	Pop Rap"," Rap & Hip Hop	0	2	12/23/2024 6:37 PM",,,,,,,,,,,,,,,,,
"Holy Grail		5:37	Jay-Z/Justin Timberlake			0	2	3/9/2025 6:12 PM",,,,,,,,,,,,,,,,,,
"DNA		2:35	Jared Benjamin	DNA		0	6	12/23/2024 4:36 PM",,,,,,,,,,,,,,,,,,
"Rumors		3:06	Jake Miller	Pure Pop	Pop Rap"," Pop	0	1	12/24/2024 3:30 PM",,,,,,,,,,,,,,,,,
"Upside Down		3:29	Jack Johnson	Jack Johnson And Friends: Sing-A-Longs And Lullabies For The Film Curious George		0	1	12/23/2024 4:36 PM",,,,,,,,,,,,,,,,,,
"Surround Sound		3:50	J.I.D; 21 Savage; Baby Tate	Surround Sound	Trap", Alternative Hip-Hop, Contemporary Rap, Pop, Rap & Hip Hop," US Rap	0	30	12/24/2024 3:30 PM",,,,,,,,,,,,,
"m y . l i f e (with 21 Savage & Morray)		3:39	J. Cole			0	36	12/23/2024 4:36 PM",,,,,,,,,,,,,,,,,,
"void - super slowed		1:42	isq	void		0	32	4/27/2025 12:40 AM",,,,,,,,,,,,,,,,,,
"hypnotic - super slowed		2:01	isq	hypnotic		0	30	4/27/2025 12:40 AM",,,,,,,,,,,,,,,,,,
"The King's Affirmation		2:39	Iniko	The King's Affirmation		0	12	5/5/2025 1:42 AM",,,,,,,,,,,,,,,,,,
"Love Story		5:16	Indila	Mini World (Deluxe)		0	1	12/24/2024 3:30 PM",,,,,,,,,,,,,,,,,,
"NASTY!		1:49	IMPXSTR	NASTY!		0	35	5/1/2025 1:25 AM",,,,,,,,,,,,,,,,,,
"Headlock		3:35	Imogen Heap	Speak for Yourself	Singer Songwriter", Rock, Indie, Alternative," European Alternative Pop	0	30	1/28/2025 8:52 PM",,,,,,,,,,,,,,
"Natural		3:10	Imagine Dragons	Natural	Modern Pop", Alternative Pop, Alternative, Pop, Adult Contemporary, Pop Rock," Alternative Rock	0	1	12/24/2024 3:30 PM",,,,,,,,,,,,
"Bones		2:45	Imagine Dragons	Mercury - Acts 1 & 2	Weekly Ranking[JP]", Alt, Alternative, Pop, Alternative Rock, Pop Rock, Alternative Pop," Indie Rock	0	6	12/24/2024 3:30 PM",,,,,,,,,,,
"Magnetic		2:41	ILLIT	SUPER REAL ME	K-Pop", Weekly Ranking[JP], Pop," xWHM-xHall-xof-xFemme	0	24	1/11/2025 9:56 PM",,,,,,,,,,,,,,,
"I Love It		2:37	Icona Pop; Charli xcx	THIS IS... ICONA POP	Dance Pop", Pop, Teen Pop, Electro-Pop," Modern Pop	0	7	12/24/2024 4:28 PM",,,,,,,,,,,,,,
"Hannah Montana (with NLE Choppa & DaBaby)		2:18	Ice Spice/NLE Choppa/DaBaby	Y2K! : I’m Just A Girl (Deluxe)		0	22	7/6/2025 12:58 AM",,,,,,,,,,,,,,,,,,
"Too Sweet		4:11	Hozier	Unheard	Weekly Ranking[JP]", Alternative Pop, European Indie, Alternative, Pop," Adult Contemporary	2	18	12/23/2024 4:36 PM",,,,,,,,,,,,,
"Take Me to Church		4:02	Hozier	Hozier (Expanded Edition)	Alternative Rock", Party, Summer, Barbecue, Singer Songwriter, Alternative," Pop	0	15	12/24/2024 3:30 PM",,,,,,,,,,,,
"Work Song		3:50	Hozier	Hozier		0	19	12/23/2024 4:36 PM",,,,,,,,,,,,,,,,,,
"Shut up My Moms Calling		2:45	Hotel Ugly	Shut up My Moms Calling	Alternative R & B", Indie," R&B	0	15	12/24/2024 3:30 PM",,,,,,,,,,,,,,,,
"MONTAGEM VOZES TALENTINHO - Super Slowed		1:42	heapper/DJ JUAN	MONTAGEM VOZES TALENTINHO		0	9	10/2/2025 1:24 AM",,,,,,,,,,,,,,,,,,
"Just Friends		3:59	Hayden James; Boy Matthews	Just Friends		0	15	12/23/2024 4:36 PM",,,,,,,,,,,,,,,,,,
"Watermelon Sugar		2:54	Harry Styles	Fine Line		0	16	12/23/2024 4:36 PM",,,,,,,,,,,,,,,,,,
"Adore You		3:27	Harry Styles	Fine Line		0	6	8/11/2025 2:19 PM",,,,,,,,,,,,,,,,,,
"One		2:55	Harry Nilsson	Aerial Ballet	Rock", Pop Vocals, Classic Rock, Soft Rock, Pop Rock," Pop	0	3	12/24/2024 3:30 PM",,,,,,,,,,,,,
"CANTO DE LUNA - SUPER SLOWED		1:49	h6itam/DYSMANE/ICEDMANE	CANTO DE LUNA		0	33	9/12/2025 9:33 AM",,,,,,,,,,,,,,,,,,
"FUNK SIGILO - SLOWED		1:44	h6itam	FUNK SIGILO		0	44	8/10/2025 4:23 AM",,,,,,,,,,,,,,,,,,
"Stereo Hearts (feat. Adam Levine)		3:31	Gym Class Heroes/Adam Levine	The Papercut Chronicles II		0	1	6/30/2025 1:49 AM",,,,,,,,,,,,,,,,,,
"The Sweet Escape		4:07	Gwen Stefani/Akon	The Sweet Escape		0	5	7/12/2025 2:47 PM",,,,,,,,,,,,,,,,,,
"fukumean		2:05	Gunna	a Gift & a Curse	Weekly Ranking[JP]", US Rap, Trap," Rap & Hip Hop	0	11	12/24/2024 3:30 PM",,,,,,,,,,,,,,,
"Drip or Drown		2:06	Gunna	Drip or Drown	Trap", Rap & Hip Hop," Trap Rap	0	3	12/23/2024 6:37 PM",,,,,,,,,,,,,,,,
"Just the Two of Us		7:19	Grover Washington"," Jr.; Bill Withers	Anthology	Smooth Jazz", R&B," Cooking	0	2	12/24/2024 3:30 PM",,,,,,,,,,,,,,,
i hate u," i love u		4:11	gnash; Olivia O'Brien	we	Alternative Pop"," Pop	0	8	12/24/2024 4:03 PM",,,,,,,,,,,,,,,,
"WHATCHU KNO ABOUT ME		2:30	GloRilla; Sexyy Red	GLORIOUS	Female Hip-Hop", US Rap, Rap & Hip Hop," Weekly Ranking[JP]	0	9	12/24/2024 4:38 PM",,,,,,,,,,,,,,,
"Wanna Be (Remix)		3:44	GloRilla; Megan Thee Stallion; Cardi B	Wanna Be (Remix)	Female Hip-Hop", US Rap, Remix," Rap & Hip Hop	0	9	12/24/2024 4:38 PM",,,,,,,,,,,,,,,
"Wanna Be		2:36	GloRilla; Megan Thee Stallion	Ehhthang Ehhthang	Female Hip-Hop", US Rap, Pop, Rap & Hip Hop," xWHM-xHall-xof-xFemme	0	12	12/24/2024 4:38 PM",,,,,,,,,,,,,,
"Bad Bih 4 Ya (feat. Boston Richey)		3:01	GloRilla/Boston Richey	Ehhthang Ehhthang		0	11	7/22/2025 1:42 AM",,,,,,,,,,,,,,,,,,
"Yeah Glo!		2:23	GloRilla	Yeah Glo!	Rap & Hip Hop"," US Rap	0	51	12/24/2024 4:38 PM",,,,,,,,,,,,,,,,,
"TGIF		2:45	GloRilla	TGIF	Rap & Hip Hop", Female Hip-Hop," US Rap	0	13	12/24/2024 4:38 PM",,,,,,,,,,,,,,,,
"Heat Waves		3:59	Glass Animals	Dreamland	xDolbyxAtmosx", Beach, European Indie, Alternative, Singer Songwriter, Indie, Pop, Alternative Pop," Pop Rock	0		12/24/2024 3:30 PM",,,,,,,,,,
"Lost in the Fire		3:22	Gesaffelstein; The Weeknd	Hyperion	Alternative R & B", R&B, French Electro, Americana, Weekly Ranking[JP], Contemporary R & B," meme	0	42	12/23/2024 4:36 PM",,,,,,,,,,,,
"Hermes		1:22	GERXMVP	Hermes		0	38	4/27/2025 12:40 AM",,,,,,,,,,,,,,,,,,
"Careless Whisper		5:03	George Michael	The Final		0	29	12/23/2024 4:36 PM",,,,,,,,,,,,,,,,,,
"Tweaker		3:14	GELO	Tweaker		0	23	3/3/2025 9:56 AM",,,,,,,,,,,,,,,,,,
"Like A Prayer (From ""Deadpool & Wolverine Trailer"")		3:38	Geek Music	Like A Prayer (From ""Deadpool & Wolverine Trailer"")		0	5	12/23/2024 4:36 PM",,,,,,,,,,,,,,,,,,
Me," Myself & I (Explicit)		4:12	G-Eazy; Bebe Rexha	When It's Dark Out	Pop", US Rap," Rap & Hip Hop	0	2	12/24/2024 3:30 PM",,,,,,,,,,,,,,,
"WAIT FOR U		3:10	Future; Drake; Tems	I NEVER LIKED YOU	Trap", US Rap, Contemporary Rap, Pop Rap, Weekly Ranking[JP]," Rap & Hip Hop	0	4	12/24/2024 3:30 PM",,,,,,,,,,,,,
"Life Is Good		3:58	Future; Drake	Life Is Good	Rap & Hip Hop", Weekly Ranking[JP], Pop," Trap	0	6	12/24/2024 3:30 PM",,,,,,,,,,,,,,,
"Everyday Hustle		3:47	Future/Metro Boomin/Rick Ross	WE DON'T TRUST YOU		0	28	2/7/2025 11:53 AM",,,,,,,,,,,,,,,,,,
"Type Shit		3:48	Future	WE DON'T TRUST YOU	Hip-Hop/Rap	0	44	12/23/2024 1:55 AM",,,,,,,,,,,,,,,,,,
"LIL DEMON		2:19	Future	MIXTAPE PLUTO		0	38	4/29/2025 1:09 PM",,,,,,,,,,,,,,,,,,
"PUFFIN ON ZOOTIEZ		2:53	Future	I NEVER LIKED YOU	Rap & Hip Hop", Trap," US Rap	0	94	1/10/2025 1:04 PM",,,,,,,,,,,,,,,,
"Solo		4:26	Future	HNDRXX 	Rap & Hip Hop"," Trap	0		12/24/2024 3:30 PM",,,,,,,,,,,,,,,,,
"Too Comfortable		3:57	Future	High Off Life	Rap & Hip Hop	0	3	12/24/2024 3:30 PM",,,,,,,,,,,,,,,,,,
"Don't Copy My Flow		2:52	Frozy; Mwizz; George Kipa	Don't Copy My Flow	Afrobeats	0	31	12/23/2024 4:36 PM",,,,,,,,,,,,,,,,,,
"Limbo		2:50	Freddie Dredd	Freddie's Inferno	Rap & Hip Hop", Alternative Hip-Hop, meme," US Rap	0	7	12/24/2024 3:30 PM",,,,,,,,,,,,,,,
"Dear April (Side A - Acoustic)		3:51	Frank Ocean	Dear April (Side A - Acoustic)	Alternative R & B", Pop, R&B," Contemporary R & B	0	2	12/24/2024 3:30 PM",,,,,,,,,,,,,,,
"Bad Religion		2:56	Frank Ocean	channel ORANGE		0	1	12/23/2024 4:36 PM",,,,,,,,,,,,,,,,,,
"Lost [Explicit]		3:54	Frank Ocean	channel ORANGE	Contemporary R & B", R&B, Alternative," Alternative R & B	0	3	12/24/2024 3:30 PM",,,,,,,,,,,,,,,
"White Ferrari		4:09	Frank Ocean	Blonde		0	5	2/7/2025 11:53 AM",,,,,,,,,,,,,,,,,,
"Ivy		4:09	Frank Ocean	Blonde		0	3	2/7/2025 11:53 AM",,,,,,,,,,,,,,,,,,
"Pink + White		3:05	Frank Ocean	Blonde	Contemporary R & B", R&B, Focus[JP]," Alternative R & B	0	3	12/24/2024 3:30 PM",,,,,,,,,,,,,,,
"Dog Days Are Over		4:13	Florence + The Machine	Lungs	Alternative", Alternative Rock, Alternative Pop, European Indie, Indie, Pop," European Alternative Pop	0	4	12/24/2024 3:30 PM",,,,,,,,,,,,
"Never Lose Me		2:46	Flo Milli; SZA; Cardi B	Fine Ho"," Stay	Female Hip-Hop", US Rap, Southern Rap, Trap Rap, Pop, Trap, Rap & Hip Hop," Weekly Ranking[JP]	0	21	12/24/2024 4:38 PM",,,,,,,,,,
"Never Lose Me		2:06	Flo Milli	Never Lose Me	US Rap", Rap & Hip Hop, Female Hip-Hop, Southern Rap, Trap Rap," Trap	0	34	12/24/2024 3:30 PM",,,,,,,,,,,,,
"Conceited		2:27	Flo Milli	Conceited	Rap & Hip Hop"," Trap	0	12	12/23/2024 4:36 PM",,,,,,,,,,,,,,,,,
"Dreams (2004 Remaster)		4:18	Fleetwood Mac	Rumours (Super Deluxe)		0	2	12/24/2024 3:30 PM",,,,,,,,,,,,,,,,,,
"Amor Na Praia		1:29	Flame Runner	Amor Na Praia		0	59	8/10/2025 4:23 AM",,,,,,,,,,,,,,,,,,
"Cupid (Twin Version)		2:54	FIFTY FIFTY	Cupid - Twin Ver. (Snack)		0	8	12/23/2024 4:36 PM",,,,,,,,,,,,,,,,,,
"Again		5:12	Fetty Wap	Fetty Wap (Deluxe)	Mumble Rap"," Rap & Hip Hop	0	2	1/31/2025 9:23 AM",,,,,,,,,,,,,,,,,
"Fergalicious (Explicit)		4:52	Fergie; Will.I.Am	The Dutchess	Pop", Dance Pop, Electro-Pop, Club Hip-Hop," Rap & Hip Hop	0	10	12/24/2024 4:28 PM",,,,,,,,,,,,,,
"In A Good Way		3:45	Faye Webster	I Know I'm Funny haha		0	15	10/2/2025 1:24 AM",,,,,,,,,,,,,,,,,,
"Kingston		3:22	Faye Webster	Atlanta Millionaires Club		0	10	5/2/2025 8:31 PM",,,,,,,,,,,,,,,,,,
"ENOUGH!		1:31	Eternxlkz	ENOUGH!		0	39	4/27/2025 12:40 AM",,,,,,,,,,,,,,,,,,
"Lights		4:04	Ellie Goulding	An Introduction To Ellie Goulding EP	Pop	0	7	12/24/2024 3:30 PM",,,,,,,,,,,,,,,,,,
"Love Me Like You Do		4:10	Ellie Goulding	Fifty Shades Of Grey (Original Motion Picture Soundtrack)	Adult Contemporary", Electro-Pop, meme, xWHM-xHall-xof-xFemme, Teen Pop, Pop, Soundtracks," Modern Pop	0	14	12/24/2024 4:01 PM",,,,,,,,,,,
"Trip		8:08	Ella Mai	Ella Mai		0	12	3/6/2025 3:09 PM",,,,,,,,,,,,,,,,,,
"Shot Clock		6:17	Ella Mai	Ella Mai		0	25	3/9/2025 11:25 PM",,,,,,,,,,,,,,,,,,
"Azizam		2:42	Ed Sheeran	Azizam		0	23	7/12/2025 2:47 PM",,,,,,,,,,,,,,,,,,
"Levitating (feat. DaBaby)		3:23	Dua Lipa/DaBaby	Future Nostalgia		0	18	7/6/2025 12:58 AM",,,,,,,,,,,,,,,,,,
"IDGAF		4:20	Drake; Yeat	For All The Dogs	Canadian", Rap & Hip Hop," US Rap	0	3	12/24/2024 3:30 PM",,,,,,,,,,,,,,,,
"Slime You Out		5:11	Drake; SZA	For All The Dogs	Weekly Ranking[JP]", Canadian, Contemporary R & B, Rap & Hip Hop, R&B, Pop," Alternative R & B	0	3	12/24/2024 3:30 PM",,,,,,,,,,,,
"Rich Baby Daddy		5:19	Drake; Sexyy Red; SZA	For All The Dogs	US Rap", Rap & Hip Hop, Canadian, Weekly Ranking[JP]," Pop	0		12/24/2024 3:30 PM",,,,,,,,,,,,,,
"Knife Talk		4:03	Drake; 21 Savage; Project Pat	Certified Lover Boy	Contemporary Rap", Rap & Hip Hop, US Rap," Pop	0	34	12/24/2024 3:30 PM",,,,,,,,,,,,,,,
"Jimmy Cooks		3:38	Drake; 21 Savage	Honestly"," Nevermind	Rap & Hip Hop"," US Rap	0	2	12/24/2024 3:30 PM",,,,,,,,,,,,,,,,
"Rich Flex		3:59	Drake; 21 Savage	Her Loss	US Rap", Weekly Ranking[JP], Rap & Hip Hop," Trap	0	3	12/24/2024 3:30 PM",,,,,,,,,,,,,,,
"Search & Rescue		4:32	Drake	Search & Rescue	US Rap", Rap & Hip Hop, Pop, Canadian," Weekly Ranking[JP]	0	1	12/24/2024 3:30 PM",,,,,,,,,,,,,,
"NOKIA		4:01	Drake	$ome $exy $ongs 4 U		0	6	7/21/2025 3:40 AM",,,,,,,,,,,,,,,,,,
"Private Landing		3:58	Don Toliver; Justin Bieber; Future	Love Sick (Deluxe)	Trap", Rap & Hip Hop, Trap Rap, Weekly Ranking[JP], US Rap," Pop Rap	0	1	12/24/2024 3:51 PM",,,,,,,,,,,,,
"Lose My Mind (feat. Doja Cat)		3:29	Don Toliver/Doja Cat	F1 The Album		0	80	8/2/2025 1:11 AM",,,,,,,,,,,,,,,,,,
"No Idea		2:34	Don Toliver	No Idea	US Rap", R&B, Rap & Hip Hop, meme, Contemporary R & B," Alternative Hip-Hop	0	4	12/24/2024 3:30 PM",,,,,,,,,,,,,
"No Pole		3:08	Don Toliver	Love Sick  (Deluxe)	Hip-Hop/Rap	0	50	12/23/2024 1:55 AM",,,,,,,,,,,,,,,,,,
"After Party		2:48	Don Toliver	Heaven Or Hell	Rap & Hip Hop"," Houston Rap	0	3	12/24/2024 3:30 PM",,,,,,,,,,,,,,,,,
"NEW DROP		3:37	Don Toliver	HARDSTONE PSYCHO		0	7	12/23/2024 4:36 PM",,,,,,,,,,,,,,,,,,
"TORE UP		2:07	Don Toliver	HARDSTONE PSYCHO		0	36	12/23/2024 4:36 PM",,,,,,,,,,,,,,,,,,
"BANDIT		2:28	Don Toliver	Bandit		0	5	12/23/2024 4:36 PM",,,,,,,,,,,,,,,,,,
"Kiss Me More (feat. SZA)		3:29	Doja Cat/SZA	Planet Her		0	5	6/30/2025 1:49 AM",,,,,,,,,,,,,,,,,,
"So High		3:20	Doja Cat	Purrr!		0	34	7/31/2025 11:24 PM",,,,,,,,,,,,,,,,,,
"Say So		3:58	Doja Cat	Hot Pink		0	5	6/30/2025 1:49 AM",,,,,,,,,,,,,,,,,,
"MONTAGEM ALUCINANTE		2:51	DJ ORBITAL/Rushex/mc pl alves	MONTAGEM ALUCINANTE		0	52	8/13/2025 1:14 AM",,,,,,,,,,,,,,,,,,
"GREECE		3:39	DJ Khaled; Drake	GREECE	R&B", Pop, Rap & Hip Hop, US Rap, Pop Rap," Contemporary R & B	0	1	12/24/2024 3:30 PM",,,,,,,,,,,,,
"Tipo Nino Vs Kabrinha		3:21	DJ Biel Divulga/DJ Dozabri/Mc Lekão	Tipo Nino Vs Kabrinha		0	52	9/12/2025 9:33 AM",,,,,,,,,,,,,,,,,,
"Fica De Quatão		2:14	DJ Biel Divulga", DJ Dozabri," Mc Lekão	Fica De Quatão		0	61	9/12/2025 9:37 AM",,,,,,,,,,,,,,,,
"NO ERA AMOR - Slowed		1:33	DJ Asul	NO ERA AMOR		0	41	8/16/2025 2:00 PM",,,,,,,,,,,,,,,,,,
"VAPO NO SETOR		1:08	DJ ANXVAR/MC LONE	VAPO NO SETOR		0	72	7/7/2025 11:21 AM",,,,,,,,,,,,,,,,,,
"Like Honey		2:47	Dixon Dallas	Like Honey	Country Hip-Hop	0	5	12/24/2024 4:46 PM",,,,,,,,,,,,,,,,,,
"Good Lookin'		2:47	Dixon Dallas	Good Lookin'	Modern Country	0	5	12/24/2024 4:46 PM",,,,,,,,,,,,,,,,,,
"No Broke Boys		2:44	Disco Lines/Tinashe	No Broke Boys		0	28	7/22/2025 1:42 AM",,,,,,,,,,,,,,,,,,
"Vacation		3:30	Dirty Heads	Vacation	Rock", Alternative, Alternative Rock," Reggae Rock	0	1	12/23/2024 4:36 PM",,,,,,,,,,,,,,,
"Be Alright		3:16	Dean Lewis	Be Alright	Singer Songwriter", Adult Album Alternative, Modern Pop, Acoustic Pop, Singer Songwriter [D], Australian, Adult Contemporary, Ballad, xDolbyxAtmosx," Pop	0	2	12/24/2024 3:30 PM",,,,,,,,,
"Hide Away		3:11	Daya	Daya	Teen Pop", Dance Pop, Pop," Modern Pop	0	5	12/23/2024 4:36 PM",,,,,,,,,,,,,,,
"Skin and Bones		3:35	David Kushner	Skin and Bones	Americana", Alternative Pop, European Indie, Indie, Alternative, Weekly Ranking[JP], Pop, Singer Songwriter, Modern Pop," Alt-Country & Americana	0	17	12/23/2024 4:36 PM",,,,,,,,,
"Burn		2:59	David Kushner	Footprints I Found	Pop"," Indie Folk	0		12/24/2024 3:30 PM",,,,,,,,,,,,,,,,,
"Empty Bench		3:06	David Kushner	Empty Bench	Pop	0	23	12/23/2024 1:55 AM",,,,,,,,,,,,,,,,,,
"Darkerside		2:38	David Kushner	The Dichotomy		0	26	12/23/2024 1:55 AM",,,,,,,,,,,,,,,,,,
"Heaven Sees		2:33	David Kushner	The Dichotomy		0	19	12/23/2024 1:55 AM",,,,,,,,,,,,,,,,,,
"Sweet Oblivion		2:15	David Kushner	The Dichotomy	Modern Folk", Indie Folk, Pop, Alt-Country & Americana," Alternative	0	19	12/24/2024 3:51 PM",,,,,,,,,,,,,,
"Dead Man		4:35	David Kushner	Dead Man	Alternative Pop", Alternative, Pop, Alt-Country & Americana," Modern Pop	0	2	12/24/2024 3:30 PM",,,,,,,,,,,,,,
"Daylight		3:33	David Kushner	Daylight	Weekly Ranking[JP]", Alternative Pop, Indie, Alternative, Pop, Adult Contemporary, Teen Pop, Singer Songwriter, Coffee Shop [Conflict]," Italian Pop	0	1	12/24/2024 3:30 PM",,,,,,,,,
"Where Them Girls At		3:19	David Guetta/Nicki Minaj/Flo Rida	Memories of Summer		0	3	2/26/2025 7:54 AM",,,,,,,,,,,,,,,,,,
"Austin (Boots Stop Workin')		2:52	Dasha	What Happens Now?		0	14	12/23/2024 4:36 PM",,,,,,,,,,,,,,,,,,
"Streetcar		4:07	Daniel Caesar	Pilgrim's Paradise	Alternative R & B"," R&B	0	13	12/24/2024 3:30 PM",,,,,,,,,,,,,,,,,
"Get Lucky (feat. Pharrell Williams and Nile Rodgers)		6:10	Daft Punk; Pharrell Williams; Nile Rodgers	Random Access Memories		0	3	12/23/2024 1:55 AM",,,,,,,,,,,,,,,,,,
"ROCKSTAR (feat. Roddy Ricch)		3:02	DaBaby/Roddy Ricch	BLAME IT ON BABY		0	4	7/6/2025 12:58 AM",,,,,,,,,,,,,,,,,,
"TOES (feat. Lil Baby & Moneybagg Yo)		2:16	DaBaby/Lil Baby/Moneybagg Yo	KIRK		0	8	7/6/2025 12:58 AM",,,,,,,,,,,,,,,,,,
"BOP		2:40	DaBaby	KIRK		0	14	7/6/2025 12:58 AM",,,,,,,,,,,,,,,,,,
"Feel It (From The Original Series “Invincible”)		2:38	d4vd	Feel It (From The Original Series “Invincible”)		0	44	12/23/2024 4:36 PM",,,,,,,,,,,,,,,,,,
"Girls Just Want To Have Fun		3:56	Cyndi Lauper; Anton Fig; Krystal Davis; Jules Shear; Eric Brazilian; Ellie Greenwich; Rob Hyman; Rick Chertoff; Neil Jason; William Wittman; Richard Termini; Peter Wood; Dianne Wilson; Rick DiFonzo; Maeretha Stewart"," Vocalist	The Essential Cyndi Lauper	Pop"," Pop Rock	0	7	12/24/2024 4:28 PM",,,,,,,,,,,,,,,,
"scandalous (novacaine) (sped up)		2:40	CPRCRN; Shiloh Dynasty	life's too short. - sped up		0	3	12/24/2024 3:30 PM",,,,,,,,,,,,,,,,,,
"gone		2:43	Convolk	gone		0	11	12/24/2024 3:30 PM",,,,,,,,,,,,,,,,,,
"Viva La Vida		4:02	Coldplay	Viva La Vida or Death and All His Friends	Alternative Pop", Alternative, Adult Album Alternative, Coffee Shop [Conflict], Britpop, Pop, Adult Contemporary, Post-Britpop," Weekly Ranking[JP]	0	1	12/24/2024 3:30 PM",,,,,,,,,,
"Adventure of a Lifetime		4:24	Coldplay	A Head Full of Dreams		0	4	12/23/2024 4:36 PM",,,,,,,,,,,,,,,,,,
"Realize		4:06	Colbie Caillat	Will You Count Me In	Acoustic Pop"," Pop	0	9	12/23/2024 4:36 PM",,,,,,,,,,,,,,,,,
"Bubbly		3:19	Colbie Caillat	Coco	Pop	0	4	12/24/2024 3:30 PM",,,,,,,,,,,,,,,,,,
"Symphony		3:33	Clean Bandit; Zara Larsson	Symphony	Pop", Dance Pop, Weekly Ranking[JP], Modern Pop, Americana, Pride, Electro-Pop, LGBT," xRA360x	0	10	12/24/2024 4:28 PM",,,,,,,,,,
"1 AM		2:14	Civ	1 AM		0	46	3/30/2025 10:32 PM",,,,,,,,,,,,,,,,,,
"Never Ever Getting Rid of Me		2:16	Christopher Fitzgerald; Kimiko Glenn; Waitress Original Broadway Cast Ensemble	Waitress (Original Broadway Cast Recording)	Broadway"," Soundtracks	0	4	12/24/2024 3:30 PM",,,,,,,,,,,,,,,,,
"Sober		4:12	Childish Gambino	Kauai	Alternative Hip-Hop"," Rap & Hip Hop	0	1	12/23/2024 4:36 PM",,,,,,,,,,,,,,,,,
"Les		5:17	Childish Gambino	Camp		0	7	12/23/2024 4:36 PM",,,,,,,,,,,,,,,,,,
"Heartbeat		4:30	Childish Gambino	Camp		0	12	12/23/2024 4:36 PM",,,,,,,,,,,,,,,,,,
"Save Me		3:11	Chief Keef	Save Me		0	11	4/13/2025 3:39 PM",,,,,,,,,,,,,,,,,,
"Swim		3:49	Chase Atlantic	Swim - Chilled Hits	Alternative R & B", R&B, meme, Alternative Hip-Hop," Contemporary R & B	0	11	12/24/2024 3:30 PM",,,,,,,,,,,,,,
"Friends		3:50	Chase Atlantic	Nostalgia		0	27	12/23/2024 4:36 PM",,,,,,,,,,,,,,,,,,
"We Don't Talk Anymore (feat. Selena Gomez)		3:38	Charlie Puth; Selena Gomez	Nine Track Mind		0	22	12/23/2024 1:55 AM",,,,,,,,,,,,,,,,,,
"Boom Clap		2:50	Charli xcx	SUCKER		0	4	2/26/2025 7:54 AM",,,,,,,,,,,,,,,,,,
"party 4 u		4:57	Charli xcx	how i'm feeling now		0	26	3/14/2025 5:01 PM",,,,,,,,,,,,,,,,,,
"Pink Pony Club		4:40	Chappell Roan	The Rise and Fall of a Midwest Princess		0	64	2/26/2025 9:50 AM",,,,,,,,,,,,,,,,,,
"Femininomenon		3:40	Chappell Roan	The Rise and Fall of a Midwest Princess		0	12	3/4/2025 8:41 PM",,,,,,,,,,,,,,,,,,
"HOT TO GO!		3:05	Chappell Roan	The Rise and Fall of a Midwest Princess	Indie", European Indie, Alternative Pop, Pop Rock, Dance Pop, Pop, Singer Songwriter," xWHM-xHall-xof-xFemme	0	25	12/24/2024 4:28 PM",,,,,,,,,,,
Good Luck," Babe!		3:38	Chappell Roan	Good Luck"," Babe!		0	24	3/25/2025 7:10 AM",,,,,,,,,,,,,,,,
"Something Just Like This		4:07	The Chainsmokers; Coldplay	Memories...Do Not Open	EDM", Electro-Pop, Dance Pop, Adult Contemporary, Modern Pop, xRA360x," Weekly Ranking[JP]	0	2	12/24/2024 3:30 PM",,,,,,,,,,,,
"Sofia the First Main Title Theme		0:53	Cast - Sofia the First; Disney Junior; Sofia	Sofia the First	bykids", Toddlers, Children's, Disney," Children's Cartoons	0	6	12/24/2024 4:28 PM",,,,,,,,,,,,,,
"Call Me Maybe		3:14	Carly Rae Jepsen	Call Me Maybe	Pop	0	6	12/24/2024 4:28 PM",,,,,,,,,,,,,,,,,,
"WAP		3:08	Cardi B; Megan Thee Stallion	WAP	US Rap", Pop, Weekly Ranking[JP], meme, Rap & Hip Hop, Trap, Alternative Hip-Hop," Female Hip-Hop	0	10	12/24/2024 4:38 PM",,,,,,,,,,,
"amnesia		2:53	Camylio	amnesia	Acoustic"," Pop	0	4	12/24/2024 3:30 PM",,,,,,,,,,,,,,,,,
"Giant		3:49	Calvin Harris; Rag'n'Bone Man	Giant	Carnival", Modern Pop, Acoustic Pop, Pop, Dance Pop, Dance & Electronic, House, Electro, Americana, Weekly Ranking[JP], Summer, Party," Barbecue	0	5	12/24/2024 3:51 PM",,,,,,
"Outside		3:47	Calvin Harris; Ellie Goulding	Motion	EDM", Pop, Dance Pop, Big Room House, Dance & Electronic," xWHM-xHall-xof-xFemme	0	10	12/24/2024 3:30 PM",,,,,,,,,,,,,
"Tek It		3:12	Cafuné	Running		0		12/23/2024 4:36 PM",,,,,,,,,,,,,,,,,,
"TE CONOCÍ - Super Slowed		2:31	bxkq/PXLWYSE	TE CONOCÍ		0	30	8/10/2025 4:23 AM",,,,,,,,,,,,,,,,,,
"Innit		2:48	BunnaB/YKNIECE	Innit		0	31	7/22/2025 1:42 AM",,,,,,,,,,,,,,,,,,
"When I Was Your Man		3:34	Bruno Mars	Unorthodox Jukebox	Teen Pop", Acoustic Pop, Focus[JP], Pop, Adult Contemporary," Pop Vocals	0	1	12/24/2024 3:30 PM",,,,,,,,,,,,,
"Locked Out Of Heaven		3:54	Bruno Mars	Unorthodox Jukebox	Teen Pop", meme, Pop Rock, Modern Pop," Pop	0	1	12/24/2024 3:30 PM",,,,,,,,,,,,,,
"Runaway Baby		2:29	Bruno Mars	Doo-Wops & Hooligans	Teen Pop", Contemporary R & B, R&B, Pop," Weekly Ranking[JP]	0	1	12/24/2024 4:52 PM",,,,,,,,,,,,,,
"Grenade		3:42	Bruno Mars	Doo-Wops & Hooligans	Teen Pop", Pop," Modern Pop	0	2	12/24/2024 3:30 PM",,,,,,,,,,,,,,,,
"SUGAR		3:25	BROCKHAMPTON	GINGER	Contemporary R & B", R&B, Alternative, Pop, Rap & Hip Hop, Summer, Party," Barbecue	0	19	12/24/2024 4:09 PM",,,,,,,,,,,
"ALL MINE		3:36	Brent Faiyaz	WASTELAND	Contemporary R & B"," R&B	0	1	12/24/2024 3:30 PM",,,,,,,,,,,,,,,,,
"Drowning [Explicit]		3:29	A Boogie Wit da Hoodie; Kodak Black	Drowning	Rap & Hip Hop", Trap, Modern Rap," US Rap	0	4	12/24/2024 3:30 PM",,,,,,,,,,,,,,,
"Livin' On A Prayer		4:09	Bon Jovi	Slippery When Wet	Pop Rock", Pop, Classic Rock, Pop Metal, Hard Rock, Arena Rock," Glam Metal	0	3	1/28/2025 8:52 PM",,,,,,,,,,,,
"You Give Love A Bad Name		3:43	Bon Jovi	Slippery When Wet	Pop Rock", xDolbyxAtmosx, Adult Contemporary, Pop Metal, Rock, Hard Rock, Arena Rock, Classic Rock," Glam Metal	0	1	1/28/2025 8:52 PM",,,,,,,,,,
"It's My Life		3:45	Bon Jovi	Crush	Pop Rock", Rock, Hard Rock," Pop	0	2	1/28/2025 8:52 PM",,,,,,,,,,,,,,,
"Meet Me Halfway		4:44	Black Eyed Peas	THE E.N.D. (THE ENERGY NEVER DIES)		0	14	7/28/2025 11:08 PM",,,,,,,,,,,,,,,,,,
"I Gotta Feeling		4:49	Black Eyed Peas	THE E.N.D. (THE ENERGY NEVER DIES)		0		10/9/2025 3:33 PM",,,,,,,,,,,,,,,,,,
"Rock That Body		4:29	Black Eyed Peas	THE E.N.D. (THE ENERGY NEVER DIES)		0	18	7/6/2025 12:58 AM",,,,,,,,,,,,,,,,,,
"River		3:36	Bishop Briggs	Church Of Scars	Alternative Rock", Alternative Pop, xDolbyxAtmosx," Alternative	0	3	12/24/2024 3:30 PM",,,,,,,,,,,,,,,
"BIRDS OF A FEATHER		3:30	Billie Eilish	HIT ME HARD AND SOFT		1	36	12/23/2024 4:36 PM",,,,,,,,,,,,,,,,,,
"WILDFLOWER		4:22	Billie Eilish	HIT ME HARD AND SOFT		0	40	6/1/2025 12:09 PM",,,,,,,,,,,,,,,,,,
"Bored		3:01	Billie Eilish	Bored	Alternative & Indie	0	7	12/24/2024 4:03 PM",,,,,,,,,,,,,,,,,,
"The Largest		2:12	BigXthaPlug	The Largest		0	27	7/20/2025 9:18 PM",,,,,,,,,,,,,,,,,,
"Texas		2:26	BigXthaPlug	AMAR		0	3	8/16/2025 2:00 PM",,,,,,,,,,,,,,,,,,
"Country Bitch		2:18	Big Mo	Country Bitch		0	53	3/30/2025 10:32 PM",,,,,,,,,,,,,,,,,,
"Automotivo Bibi Fogosa		2:10	Bibi Babydoll/Dj Brunin XM/KZA Produções	Automotivo Bibi Fogosa		0	48	9/12/2025 9:33 AM",,,,,,,,,,,,,,,,,,
"Mystical Magical		2:46	Benson Boone	Mystical Magical		0	24	7/21/2025 3:40 AM",,,,,,,,,,,,,,,,,,
"Beautiful Things		3:00	Benson Boone	Fireworks & Rollerblades	Contemporary Pop", Pop Rock, Alternative Rock, Alternative Pop, Pop, Modern Pop, Singer Songwriter, Indie Pop, Acoustic Pop, Teen Pop, Weekly Ranking[JP], European Indie, Indie Rock, Indie, Alternative, Folk Rock, Modern Rock, Modern Alternative Rock," Adul	0	12	12/24/2024 3:51 PM"
"Slow It Down		2:42	Benson Boone	Fireworks & Rollerblades	Weekly Ranking[JP]", Alternative Pop, Modern Pop, Adult Contemporary, Pop Rock, Teen Pop, Modern Singer-Songwriter, Alternative Rock, Singer Songwriter, Pop," Contemporary Pop	0	13	12/23/2024 4:36 PM",,,,,,,,
"Eastside		2:54	benny blanco; Halsey; Khalid	Eastside	Modern Pop", Dance Pop, xDolbyxAtmosx," Pop	0	4	12/24/2024 3:30 PM",,,,,,,,,,,,,,,
"Poison		4:19	Bell Biv DeVoe	Poison		0	2	7/22/2025 1:42 AM",,,,,,,,,,,,,,,,,,
"Stayin Alive		4:43	Bee Gees	The Ultimate Bee Gees	Pop", Oldies, xDolbyxAtmosx, Australian, Disco," Soft Rock	0	4	12/24/2024 3:30 PM",,,,,,,,,,,,,
Sex, Drugs," Etc.		3:17	Beach Weather	Chit Chat	Pop Rock", Alternative, Pop, European Alternative Pop, meme, Hard Rock, Rock, Indie, Indie Pop, UK Indie Pop, European Indie," Indie Rock	0		12/24/2024 3:30 PM",,,,,
"Real Man		2:41	beabadoobee	This Is How Tomorrow Moves		0	15	3/4/2025 8:41 PM",,,,,,,,,,,,,,,,,,
"two		2:15	bbno$	two		0	10	7/21/2025 3:40 AM",,,,,,,,,,,,,,,,,,
"Someone To You		3:40	BANNERS	Empires On Fire	Alternative", Pop, xDolbyxAtmosx, Rock, Pop Rock," Alternative Pop	0	3	12/24/2024 3:30 PM",,,,,,,,,,,,,
"Time Moves Slow		4:34	Badbadnotgood; Samuel T. Herring	IV		0	4	12/23/2024 4:36 PM",,,,,,,,,,,,,,,,,,
"family ties (with Kendrick Lamar)		4:19	Baby Keem/Kendrick Lamar	The Melodic Blue		0	46	2/28/2025 6:07 PM",,,,,,,,,,,,,,,,,,
"ORANGE SODA		2:10	Baby Keem	ORANGE SODA	Hip-Hop/Rap	0	10	12/23/2024 1:55 AM",,,,,,,,,,,,,,,,,,
"16		2:36	Baby Keem	The Melodic Blue	Rap & Hip Hop"," Alternative Hip-Hop	0	34	12/24/2024 3:30 PM",,,,,,,,,,,,,,,,,
"HONEST		2:53	Baby Keem	DIE FOR MY BITCH	US Rap"," Rap & Hip Hop	0	13	12/24/2024 3:30 PM",,,,,,,,,,,,,,,,,
"Rolex		3:59	Ayo & Teo	Rolex		0	4	7/12/2025 2:47 PM",,,,,,,,,,,,,,,,,,
"Mega das Planetarias		2:13	AWYNE/NGKS/DJ Sheik	Mega das Planetarias		0	75	7/12/2025 2:47 PM",,,,,,,,,,,,,,,,,,
"Wanna Be Saved		3:08	Austin Williams	Wanna Be Saved	Country Rock", Contemporary Country," Traditional Country	0	20	12/24/2024 3:30 PM",,,,,,,,,,,,,,,,
"Here We Go Again		2:22	Austin Williams	Here We Go Again		0	16	12/24/2024 3:30 PM",,,,,,,,,,,,,,,,,,
"MONTAGEM LADRAO		1:15	ATLXS/MXZI/Itamar Mc	MONTAGEM LADRAO		0	43	9/12/2025 9:33 AM",,,,,,,,,,,,,,,,,,
"PASSO BEM SOLTO - Slowed		1:56	ATLXS	PASSO BEM SOLTO		0	38	5/19/2025 3:55 AM",,,,,,,,,,,,,,,,,,
"Hurts So Good (Slow + Reverb)		4:23	Astrid S	Låtar att gråta till	Alternative Pop	0	2	12/24/2024 3:30 PM",,,,,,,,,,,,,,,,,,
"FML		3:43	Arizona Zervas	Living Facts	Pop Rap", Rap & Hip Hop, Party, Summer," Barbecue	0		12/23/2024 6:37 PM",,,,,,,,,,,,,,
"Problem		3:14	Ariana Grande; Iggy Azalea	My Everything (Deluxe)	Teen Pop", Pop, Dance Pop, xDolbyxAtmosx," Weekly Ranking[JP]	0	10	12/24/2024 4:28 PM",,,,,,,,,,,,,,
thank u," next		3:27	Ariana Grande	thank u"," next		0	1	8/11/2025 2:19 PM",,,,,,,,,,,,,,,,
"34+35		2:54	Ariana Grande	Positions		0	2	8/11/2025 2:19 PM",,,,,,,,,,,,,,,,,,
"positions		2:52	Ariana Grande	positions	xDolbyxAtmosx", Semi-Annual Ranking[JP], Weekly Ranking[JP], Contemporary R & B, xWHM-xVocalists, xWHM-xBoundary-xPushers," Pop	0	10	12/24/2024 4:28 PM",,,,,,,,,,,,
"we can't be friends (wait for your love)		3:49	Ariana Grande	eternal sunshine		0	12	7/12/2025 2:47 PM",,,,,,,,,,,,,,,,,,
yes," and?		3:35	Ariana Grande	eternal sunshine		0	16	7/12/2025 2:52 PM",,,,,,,,,,,,,,,,,
"the boy is mine		2:54	Ariana Grande	eternal sunshine		0	14	7/12/2025 2:52 PM",,,,,,,,,,,,,,,,,,
"505		4:14	Arctic Monkeys	Favourite Worst Nightmare (Standard Version)	British Alternative", Alternative Rock, Rock, European Indie, Indie Rock, Indie," Alternative	0	8	12/24/2024 4:08 PM",,,,,,,,,,,,
"I Wanna Be Yours		3:04	Arctic Monkeys	AM	British Alternative", Alternative Rock, Rock, European Indie, Indie Rock, Indie," Alternative	0	10	12/24/2024 3:30 PM",,,,,,,,,,,,
"Do I Wanna Know?		4:32	Arctic Monkeys	AM	British Alternative", Alternative Rock, Rock, European Indie, Indie, Alternative," Indie Rock	0	11	12/23/2024 4:36 PM",,,,,,,,,,,,
"Meant To Be		3:28	Arc North; Krista Marina	Meant To Be	Dance & Electronic	0		12/23/2024 4:36 PM",,,,,,,,,,,,,,,,,,
"NO FEAR!		1:50	ANDROMEDA/KVRXD	NO FEAR!		0	36	4/27/2025 12:40 AM",,,,,,,,,,,,,,,,,,
"MONTAGEM COMA		1:14	ANDROMEDA	MONTAGEM COMA		0	43	7/28/2025 11:08 PM",,,,,,,,,,,,,,,,,,
"The Weeknd's Dark Secret		2:06	American Dad! Cast	American Dad! Greatest Hits	TV Soundtrack	0	2	12/24/2024 4:46 PM",,,,,,,,,,,,,,,,,,
"Baby Stop		0:39	Altajmusic	Baby Stop	Instrumental	0	3	12/23/2024 4:36 PM",,,,,,,,,,,,,,,,,,
"If I Ain't Got You		3:49	Alicia Keys	The Diary Of Alicia Keys	Contemporary R & B", xWHM-xVirtuosos, R&B, Pop, Adult Contemporary, xWHM-xStorytellers, Summer, Party," Barbecue	0	13	12/24/2024 4:07 PM",,,,,,,,,,
"Ordinary		3:07	Alex Warren	Ordinary		0	176	7/2/2025 3:43 PM",,,,,,,,,,,,,,,,,,
"Crazy Rap (Colt 45 & 2 Zig Zags)		5:29	Afroman	The Good Times	Freestyle"," Rap & Hip Hop	0	8	1/4/2025 5:30 PM",,,,,,,,,,,,,,,,,
"Easy On Me		3:45	Adele	30	Pop	0	4	12/23/2024 1:55 AM",,,,,,,,,,,,,,,,,,
"Love In The Dark		4:46	Adele	25	Adult Contemporary", xWHM-xHall-xof-xFemme," Pop	0	4	12/24/2024 3:30 PM",,,,,,,,,,,,,,,,
"Skyfall		4:46	Adele	Skyfall	Summer", Party, Barbecue, Pop, Adult Contemporary, Soundtracks," Pop Classical	0	4	12/24/2024 3:30 PM",,,,,,,,,,,,
"Highway to Hell		3:29	AC/DC	Iron Man 2		0	3	12/29/2024 7:37 PM",,,,,,,,,,,,,,,,,,
"Dancing Queen		3:51	ABBA	Arrival		0	1	6/30/2025 1:49 AM",,,,,,,,,,,,,,,,,,
"Fukk Sleep (feat. FKA twigs)		3:32	A$AP Rocky/FKA twigs	TESTING		0	9	4/18/2025 12:04 AM",,,,,,,,,,,,,,,,,,
